Customer_ID,Customer_Name,Segment,Cluster,Cluster_Name,Customer_Total_Sales,Customer_Order_Count,Average_Order_Value,Purchase_Frequency,PCA1,PCA2
CG-12520,Claire Gute,Consumer,2,VIP Customers,1148.7800000000002,3.0,382.93,0.75,-1.7906486040733016,0.6239244612061308
DV-13045,Darrin Van Huff,Corporate,0,Medium Value Customers,1119.483,5.0,223.9,1.25,-1.0392511653241225,-0.27503758142339724
SO-20335,Sean O'Donnell,Consumer,0,Medium Value Customers,2602.5755,6.0,433.76,1.5,-0.14743654157239278,-0.01505724419522749
BH-11710,Brosina Hoffman,Consumer,3,Occasional Customers,6255.351,8.0,781.92,2.01,1.730390220296042,0.5012308952797975
AA-10480,Andrew Allen,Consumer,2,VIP Customers,1790.5120000000002,4.0,447.63,1.0,-1.1758892333430746,0.5128360524326
IM-15070,Irene Maddox,Consumer,0,Medium Value Customers,4930.474,7.0,704.35,1.75,0.9596477637252971,0.48324312922215035
HP-14815,Harold Pawlan,Home Office,0,Medium Value Customers,1990.314,7.0,284.33,1.75,0.056033906734034813,-0.675691358082144
PK-19075,Pete Kriz,Consumer,3,Occasional Customers,8646.934,12.0,720.58,3.01,3.9171636551315703,-0.47823863719292614
AG-10270,Alejandro Grove,Consumer,0,Medium Value Customers,2582.898,5.0,516.58,1.25,-0.527610216824513,0.4338562867683579
ZD-21925,Zuschuss Donatelli,Consumer,0,Medium Value Customers,1493.944,5.0,298.79,1.25,-0.9083327108671722,-0.09364693241016103
KB-16585,Ken Black,Corporate,3,Occasional Customers,2744.742,12.0,228.73,3.01,2.363195191970059,-2.2499426417546107
SF-20065,Sandra Flanagan,Consumer,0,Medium Value Customers,763.5459999999999,7.0,109.08,1.75,-0.320993725452236,-1.159249170924833
EB-13870,Emily Burns,Consumer,3,Occasional Customers,2767.219,10.0,276.72,2.51,1.528250428389116,-1.5274816458920273
EH-13945,Eric Hoffmann,Consumer,0,Medium Value Customers,684.1709999999999,8.0,85.52,2.01,0.09178774403595089,-1.537691082207844
TB-21520,Tracy Blumstein,Consumer,3,Occasional Customers,4737.486,9.0,526.39,2.26,1.6727582234799905,-0.4796195250437994
MA-17560,Matt Abelman,Home Office,3,Occasional Customers,4299.161,11.0,390.83,2.76,2.3590566653937053,-1.4104720747590886
GH-14485,Gene Hale,Corporate,2,VIP Customers,1361.2440000000001,2.0,680.62,0.5,-1.9650093912446385,1.4512890998577423
SN-20710,Steve Nguyen,Home Office,0,Medium Value Customers,3127.9592,7.0,446.85,1.75,0.40567227884455764,-0.2272606806830527
LC-16930,Linda Cazamias,Corporate,3,Occasional Customers,4492.946,8.0,561.62,2.01,1.212030490425167,-0.14376600505728349
RA-19885,Ruben Ausman,Corporate,0,Medium Value Customers,3546.224,6.0,591.04,1.5,0.15921089669341926,0.3923947232744636
ES-14080,Erin Smith,Corporate,3,Occasional Customers,4657.924,9.0,517.55,2.26,1.650175286067244,-0.5069919249120928
ON-18715,Odella Nelson,Corporate,3,Occasional Customers,1567.52,9.0,174.17,2.26,0.7729850067860508,-1.5702266589986424
PO-18865,Patrick O'Donnell,Consumer,0,Medium Value Customers,2493.214,7.0,356.17,1.75,0.2105908884793007,-0.47746501769985344
LH-16900,Lena Hernandez,Consumer,3,Occasional Customers,2295.332,9.0,255.04,2.26,0.9795706920179575,-1.3198248618305068
DP-13000,Darren Powers,Consumer,0,Medium Value Customers,897.524,8.0,112.19,2.01,0.15453997369981418,-1.4596076283465023
JM-15265,Janet Molinari,Corporate,0,Medium Value Customers,1804.146,5.0,360.83,1.25,-0.7998793323023482,0.056618604634626535
TB-21055,Ted Butterfield,Consumer,2,VIP Customers,1451.361,4.0,362.84,1.0,-1.3070147997236852,0.32176413200768017
KM-16720,Kunst Miller,Consumer,3,Occasional Customers,4909.472,8.0,613.68,2.01,1.3345352485340791,0.008663423449933814
PS-18970,Paul Stevenson,Home Office,0,Medium Value Customers,1278.639,8.0,159.83,2.01,0.2666343333164759,-1.3201277078460396
BS-11590,Brendan Sweed,Corporate,0,Medium Value Customers,2454.928,6.0,409.15,1.5,-0.1954169165225009,-0.0788110093123566
KD-16270,Karen Daniels,Consumer,1,Regular Customers,8282.358,5.0,1656.47,1.25,1.4650491502217413,3.194750923852777
HM-14980,Henry MacAllister,Consumer,2,VIP Customers,736.276,4.0,184.07,1.0,-1.5834828663218004,-0.08109316149426603
JE-15745,Joel Eaton,Consumer,3,Occasional Customers,6760.8150000000005,13.0,520.06,3.26,3.8259937939422675,-1.4342988020216358
KB-16600,Ken Brennan,Corporate,0,Medium Value Customers,983.922,7.0,140.56,1.75,-0.2532660167330119,-1.07238596338664
SC-20770,Stewart Carmichael,Corporate,0,Medium Value Customers,4492.657,7.0,641.81,1.75,0.8250949049950023,0.31067474717997046
DN-13690,Duane Noonan,Consumer,0,Medium Value Customers,2139.79,7.0,305.68,1.75,0.10197046101289806,-0.6167774485180026
JC-16105,Julie Creighton,Corporate,0,Medium Value Customers,858.576,5.0,171.72,1.25,-1.1304691506769498,-0.40142235480684096
CS-12400,Christopher Schild,Home Office,3,Occasional Customers,3651.8585000000003,9.0,405.76,2.26,1.3646071657965895,-0.8531295464660564
PG-18895,Paul Gonzalez,Consumer,3,Occasional Customers,1987.164,9.0,220.8,2.26,0.892100077918803,-1.4258465076572258
GM-14455,Gary Mitchum,Home Office,0,Medium Value Customers,3078.624,6.0,513.1,1.5,0.00725687892869922,0.19048628190314118
JS-15685,Jim Sink,Corporate,2,VIP Customers,990.1959999999999,3.0,330.07,0.75,-1.8617396577303327,0.5137153991556785
KB-16315,Karl Braun,Consumer,3,Occasional Customers,1569.464,9.0,174.38,2.26,0.7735323570685093,-1.5695673144029576
RB-19705,Roger Barcio,Home Office,2,VIP Customers,2067.45,4.0,516.86,1.0,-1.0688216983051977,0.6688482163317735
PN-18775,Parhena Norris,Home Office,0,Medium Value Customers,1467.152,8.0,183.39,2.01,0.32207689903198145,-1.2511429930544575
KD-16345,Katherine Ducich,Consumer,0,Medium Value Customers,1888.964,6.0,314.83,1.5,-0.3793244741299993,-0.32316844228478714
ER-13855,Elpida Rittenbach,Corporate,2,VIP Customers,1245.788,3.0,415.26,0.75,-1.7471650715931126,0.6913326635391065
RB-19465,Rick Bensley,Home Office,3,Occasional Customers,4715.466,12.0,392.96,3.01,2.8820626020162154,-1.6583716644491107
GZ-14470,Gary Zandusky,Consumer,3,Occasional Customers,4355.150000000001,9.0,483.91,2.26,1.5642362134491825,-0.6111567499045414
LC-16870,Lena Cacioppo,Consumer,3,Occasional Customers,2580.7039999999997,8.0,322.59,2.01,0.6496002857031957,-0.8436002396736929
JM-15250,Janet Martin,Consumer,0,Medium Value Customers,3159.1220000000003,6.0,526.52,1.5,0.03341784167841555,0.22524908299260896
PA-19060,Pete Armstrong,Home Office,0,Medium Value Customers,729.408,6.0,121.57,1.5,-0.7561288005838404,-0.8238365973940492
CV-12805,Cynthia Voltz,Corporate,3,Occasional Customers,2370.3136,9.0,263.37,2.26,1.0008527264523157,-1.294030001064095
CL-12565,Clay Ludtke,Consumer,3,Occasional Customers,10880.546,12.0,906.71,3.01,4.505240521828834,0.19223372025481814
RC-19960,Ryan Crowe,Consumer,2,VIP Customers,652.644,4.0,163.16,1.0,-1.6158184810645557,-0.1282122938243689
DK-13090,Dave Kipp,Consumer,0,Medium Value Customers,2650.557,7.0,378.65,1.75,0.2589497981441144,-0.41544042894894356
GG-14650,Greg Guthrie,Corporate,3,Occasional Customers,2224.0,9.0,247.11,2.26,0.9593204919569925,-1.344372806185519
SC-20725,Steven Cartwright,Consumer,3,Occasional Customers,5226.21,11.0,475.11,2.76,2.608335578395724,-1.1210980471124885
AD-10180,Alan Dominguez,Home Office,3,Occasional Customers,6106.88,8.0,763.36,2.01,1.6867209596130812,0.44689229980210554
PF-19165,Philip Fox,Consumer,0,Medium Value Customers,2770.0,6.0,461.67,1.5,-0.09302668948718258,0.05724178535892201
TS-21610,Troy Staebel,Consumer,0,Medium Value Customers,2820.424,7.0,402.92,1.75,0.31115841373911385,-0.348477832824946
LS-16975,Lindsay Shagiari,Home Office,3,Occasional Customers,2988.674,9.0,332.07,2.26,1.1763649152544045,-1.0812980193052575
DW-13585,Dorothy Wardle,Corporate,0,Medium Value Customers,1204.854,7.0,172.12,1.75,-0.18536700652392402,-0.9853026918934008
LC-16885,Lena Creighton,Consumer,3,Occasional Customers,7663.126,12.0,638.59,3.01,3.6581357673509878,-0.7735647568900023
JD-15895,Jonathan Doherty,Corporate,3,Occasional Customers,7610.8640000000005,11.0,691.9,2.76,3.2495543586038744,-0.37674568704782635
SH-19975,Sally Hughsby,Corporate,3,Occasional Customers,2465.6594999999998,12.0,205.47,3.01,2.2897142013142124,-2.3337217556590537
SG-20080,Sandra Glassco,Consumer,2,VIP Customers,3406.5809999999997,3.0,1135.53,0.75,-0.7784932751046435,2.19302853837007
HA-14920,Helen Andreada,Consumer,3,Occasional Customers,2584.158,8.0,323.02,2.01,0.6506148843427187,-0.8423389222100115
MG-17680,Maureen Gastineau,Home Office,2,VIP Customers,2350.188,4.0,587.55,1.0,-0.9595043440797734,0.8281437328090786
JE-16165,Justin Ellison,Corporate,2,VIP Customers,2697.248,3.0,899.08,0.75,-1.0964862332794736,1.700054232834054
TW-21025,Tamara Willingham,Home Office,0,Medium Value Customers,5278.826,7.0,754.12,1.75,1.0667127677658625,0.6205635210464729
SP-20650,Stephanie Phelps,Corporate,3,Occasional Customers,1872.4360000000001,9.0,208.05,2.26,0.8595335507573413,-1.465321735510945
NK-18490,Neil Knudson,Home Office,0,Medium Value Customers,572.048,7.0,81.72,1.75,-0.3798502126763634,-1.2347379514073817
DB-13060,Dave Brooks,Consumer,0,Medium Value Customers,4151.51,6.0,691.92,1.5,0.3559010322494964,0.6537404077952793
NP-18670,Nora Paige,Consumer,0,Medium Value Customers,3908.402,5.0,781.68,1.25,-0.06418446258172004,1.0759476201732978
TT-21070,Ted Trevino,Consumer,0,Medium Value Customers,4915.602,7.0,702.23,1.75,0.9550804509739835,0.47738817045782894
EM-13960,Eric Murdock,Consumer,0,Medium Value Customers,933.704,5.0,186.74,1.25,-1.1042068372674574,-0.3650381487314849
RD-19900,Ruben Dartt,Consumer,3,Occasional Customers,3133.924,9.0,348.21,2.26,1.2175939060455583,-1.0313240159439838
MJ-17740,Max Jones,Consumer,3,Occasional Customers,6320.746,7.0,902.96,1.75,1.3869276947702933,1.031253820393734
BM-11140,Becky Martin,Consumer,1,Regular Customers,11789.63,4.0,2947.41,1.0,2.690009695069007,6.146065553017165
CS-12130,Chad Sievert,Consumer,2,VIP Customers,884.64,4.0,221.16,1.0,-1.5261225297272298,0.0024894659079192846
JB-15400,Jennifer Braxton,Corporate,3,Occasional Customers,1791.605,10.0,179.16,2.51,1.2593524203657505,-1.8460141448413079
SJ-20500,Shirley Jackson,Consumer,0,Medium Value Customers,1318.776,5.0,263.76,1.25,-0.9695727636801134,-0.17849506600109577
JK-15640,Jim Kriz,Home Office,3,Occasional Customers,4760.434,9.0,528.94,2.26,1.679272012795238,-0.4717240748825232
DK-13150,David Kendrick,Corporate,2,VIP Customers,797.832,2.0,398.92,0.5,-2.287068160646876,0.9114565031018073
RM-19675,Robert Marley,Home Office,1,Regular Customers,5979.0960000000005,5.0,1195.82,1.25,0.6597781446477662,2.0790225255375945
SK-19990,Sally Knutson,Consumer,2,VIP Customers,883.409,3.0,294.47,0.75,-1.9096146908747609,0.4394947642917541
FM-14290,Frank Merwin,Home Office,3,Occasional Customers,3736.198,9.0,415.13,2.26,1.3885455455600622,-0.8241147970446527
AM-10360,Alice McCarthy,Corporate,0,Medium Value Customers,814.012,5.0,162.8,1.25,-1.1460550668351848,-0.4230211470543256
MP-17470,Mark Packer,Home Office,0,Medium Value Customers,2945.822,6.0,490.97,1.5,-0.0358951174207211,0.13315151036442258
MZ-17515,Mary Zewe,Corporate,0,Medium Value Customers,2564.906,6.0,427.48,1.5,-0.15967873915950143,-0.03132474995145245
CB-12025,Cassandra Brandow,Consumer,3,Occasional Customers,5730.669,9.0,636.74,2.26,1.9546633662853834,-0.13792763613267464
VM-21685,Valerie Mitchum,Home Office,0,Medium Value Customers,1160.116,6.0,193.35,1.5,-0.6161714195826683,-0.6378750905818283
FH-14365,Fred Hopkins,Corporate,3,Occasional Customers,6987.196,8.0,873.4,2.01,1.9456406876164039,0.7690675953470709
MB-17305,Maria Bertelson,Consumer,3,Occasional Customers,1548.702,10.0,154.87,2.51,1.1924036394900683,-1.9253206886316583
BS-11755,Bruce Stewart,Consumer,0,Medium Value Customers,2562.382,7.0,366.05,1.75,0.2318478346622755,-0.45020249239868426
LC-17140,Logan Currie,Consumer,3,Occasional Customers,2633.582,9.0,292.62,2.26,1.0755780566600772,-1.2034575740615654
HK-14890,Heather Kirkland,Corporate,3,Occasional Customers,4877.784,8.0,609.72,2.01,1.3252158846228776,-0.002932044056998043
LE-16810,Laurel Elliston,Consumer,0,Medium Value Customers,1469.45,6.0,244.91,1.5,-0.5156484993090146,-0.5043056102223185
JH-15985,Joseph Holt,Consumer,1,Regular Customers,7954.9980000000005,6.0,1325.83,1.5,1.591861048929928,2.295983447701239
MS-17980,Michael Stewart,Corporate,0,Medium Value Customers,855.116,6.0,142.52,1.5,-0.7152803101968616,-0.7695611518092793
VW-21775,Victoria Wilson,Corporate,3,Occasional Customers,6134.0380000000005,10.0,613.4,2.51,2.456212756580103,-0.4282294971689612
JH-15910,Jonathan Howell,Consumer,0,Medium Value Customers,959.477,7.0,137.07,1.75,-0.2607772508199907,-1.0820181992196278
JB-15925,Joni Blumstein,Consumer,2,VIP Customers,900.552,3.0,300.18,0.75,-1.9019328168827825,0.45140179679911285
DS-13180,David Smith,Corporate,3,Occasional Customers,2881.8128,9.0,320.2,2.26,1.1460356970972094,-1.1180573948602262
VD-21670,Valerie Dominguez,Consumer,1,Regular Customers,6442.254,6.0,1073.71,1.5,1.1002898740082718,1.6428249711062306
EA-14035,Erin Ashbrook,Corporate,3,Occasional Customers,2752.441,12.0,229.37,3.01,2.365221063675267,-2.247634078522492
DB-13120,David Bremer,Corporate,0,Medium Value Customers,2973.094,7.0,424.73,1.75,0.3580793467310007,-0.2882990612574553
KL-16645,Ken Lonsdale,Consumer,1,Regular Customers,14175.229000000001,12.0,1181.27,3.01,5.372688636014195,1.1812270188014078
DW-13480,Dianna Wilson,Home Office,0,Medium Value Customers,5271.628,5.0,1054.33,1.25,0.412433904962995,1.7363208590668286
LH-17155,Logan Haushalter,Consumer,3,Occasional Customers,1739.689,9.0,193.3,2.26,0.8218540222275489,-1.5109929407417129
KC-16540,Kelly Collister,Consumer,2,VIP Customers,3908.262,4.0,977.07,1.0,-0.35711450030906255,1.7059222404895487
DL-13315,Delfina Latchford,Consumer,0,Medium Value Customers,1458.258,8.0,182.28,2.01,0.3194622825494655,-1.2543952198193613
DR-12880,Dan Reichenbach,Corporate,3,Occasional Customers,6528.034000000001,9.0,725.34,2.26,2.180992568491286,0.13640636812076343
CC-12670,Craig Carreira,Consumer,0,Medium Value Customers,2269.7015,7.0,324.24,1.75,0.14189779431851046,-0.565567602199676
Dl-13600,Dorris liebe,Corporate,0,Medium Value Customers,755.602,5.0,151.12,1.25,-1.1664750512901645,-0.451312606134293
SB-20290,Sean Braxton,Corporate,1,Regular Customers,8057.891,7.0,1151.13,1.75,1.9208190318959517,1.7160039482095708
RC-19825,Roy Collins,Consumer,0,Medium Value Customers,966.409,6.0,161.07,1.5,-0.6791141999669017,-0.7215057925611204
AH-10210,Alan Hwang,Consumer,3,Occasional Customers,4805.344,9.0,533.93,2.26,1.6920193935127696,-0.45627310283269445
CB-12535,Claudia Bergmann,Corporate,0,Medium Value Customers,2574.1455,7.0,367.74,1.75,0.2354702077578143,-0.44555060691934567
CA-12310,Christine Abelman,Corporate,2,VIP Customers,1421.954,4.0,355.49,1.0,-1.318382955357515,0.30519979867150715
KH-16690,Kristen Hastings,Corporate,3,Occasional Customers,5990.799,7.0,855.83,1.75,1.2855271321154214,0.90120514811107
BB-10990,Barry Blumstein,Corporate,0,Medium Value Customers,744.3399999999999,5.0,148.87,1.25,-1.1704107265800259,-0.4567642857559341
AG-10495,Andrew Gjertsen,Corporate,0,Medium Value Customers,1419.247,7.0,202.75,1.75,-0.11947459828580091,-0.9007903916213974
JO-15280,Jas O'Carroll,Consumer,0,Medium Value Customers,1934.272,6.0,322.38,1.5,-0.3646023874540875,-0.30360769355564865
AH-10195,Alan Haines,Corporate,2,VIP Customers,1587.452,4.0,396.86,1.0,-1.2544007939844044,0.3984297244219119
NZ-18565,Nick Zandusky,Home Office,3,Occasional Customers,2488.31,9.0,276.48,2.26,1.0343446302751682,-1.2534352861693845
KL-16555,Kelly Lampkin,Corporate,3,Occasional Customers,5016.488,8.0,627.06,2.01,1.36601311373283,0.047833445853958434
AS-10225,Alan Schoenberger,Corporate,0,Medium Value Customers,4260.784,5.0,852.16,1.25,0.05901896344102124,1.246652053313069
CR-12625,Corey Roper,Home Office,2,VIP Customers,475.9,3.0,158.63,0.75,-2.092300690589612,0.15628232828218658
SH-20395,Shahid Hopkins,Consumer,3,Occasional Customers,2180.718,10.0,218.07,2.51,1.3665989083813619,-1.7189721039634154
BP-11185,Ben Peterman,Corporate,3,Occasional Customers,3675.861,9.0,408.43,2.26,1.371422364093135,-0.8448668286170651
TS-21205,Thomas Seio,Corporate,0,Medium Value Customers,5371.09,7.0,767.3,1.75,1.095068360887297,0.6569308257748255
AG-10525,Andy Gerbode,Corporate,2,VIP Customers,1455.038,4.0,363.76,1.0,-1.305592628419031,0.3238368372923745
SP-20860,Sung Pak,Corporate,3,Occasional Customers,4282.94,10.0,428.29,2.51,1.9460123832234641,-1.0326071222926057
NM-18445,Nathan Mautz,Home Office,3,Occasional Customers,6459.344,7.0,922.76,1.75,1.4295240119948072,1.0858862057033807
FA-14230,Frank Atkinson,Corporate,0,Medium Value Customers,2984.054,7.0,426.29,1.75,0.36144351669530755,-0.28398792176622456
GK-14620,Grace Kelly,Corporate,3,Occasional Customers,6497.27,9.0,721.92,2.26,2.1722591126033133,0.1258194212205541
DJ-13510,Don Jones,Corporate,3,Occasional Customers,2501.6879999999996,8.0,312.71,2.01,0.6263578064610261,-0.872522934792014
PO-18850,Patrick O'Brill,Consumer,3,Occasional Customers,7473.8282,11.0,679.44,2.76,3.21270478672551,-0.41952359010283913
JL-15850,John Lucas,Consumer,0,Medium Value Customers,2725.256,6.0,454.21,1.5,-0.10756846148772257,0.03791824094682241
DB-13615,Doug Bickford,Consumer,0,Medium Value Customers,1989.05,7.0,284.15,1.75,0.05564585734916737,-0.676188693513047
AC-10420,Alyssa Crouse,Corporate,2,VIP Customers,925.8,3.0,308.6,0.75,-1.8906113641579179,0.4689547232356119
CC-12550,Clay Cheatham,Consumer,2,VIP Customers,113.832,3.0,37.94,0.75,-2.2546136042817504,-0.09534522550651131
TD-20995,Tamara Dahlen,Consumer,3,Occasional Customers,1434.5480000000002,9.0,159.39,2.26,0.735237913502243,-1.6159831697724614
AB-10060,Adam Bellavance,Home Office,1,Regular Customers,7755.62,8.0,969.45,2.01,2.171648046768706,1.0502875800500566
JL-15505,Jeremy Lonsdale,Consumer,0,Medium Value Customers,3173.874,6.0,528.98,1.5,0.03821256852099475,0.23162073094443092
VB-21745,Victoria Brennan,Corporate,0,Medium Value Customers,2005.596,6.0,334.27,1.5,-0.34142330437593366,-0.2728075739890381
KW-16435,Katrina Willman,Consumer,0,Medium Value Customers,4416.5199999999995,5.0,883.3,1.25,0.11346248299653332,1.3220813704697363
JD-16060,Julia Dunbar,Consumer,2,VIP Customers,695.442,3.0,231.81,0.75,-1.9938821207054926,0.308856441723474
MK-17905,Michael Kennedy,Corporate,3,Occasional Customers,2302.368,8.0,287.8,2.01,0.5677373234084108,-0.9454613701638006
GT-14755,Guy Thornton,Consumer,2,VIP Customers,226.436,4.0,56.61,1.0,-1.780599224086019,-0.36832302777000475
AG-10900,Arthur Gainer,Consumer,3,Occasional Customers,4510.797,10.0,451.08,2.51,2.008817584857685,-0.9582057830132529
MM-18280,Muhammed MacIntyre,Corporate,3,Occasional Customers,775.414,9.0,86.16,2.26,0.5481527274026916,-1.8427423923621322
AR-10405,Allen Rosenblatt,Corporate,0,Medium Value Customers,2236.128,5.0,447.23,1.25,-0.6488459358212231,0.26588238629447014
RA-19915,Russell Applegate,Consumer,3,Occasional Customers,4793.543,9.0,532.62,2.26,1.6886706689543758,-0.4603312244174452
AS-10285,Alejandro Savely,Corporate,0,Medium Value Customers,3214.236,6.0,535.71,1.5,0.05133063320297171,0.24905276441382745
LA-16780,Laura Armstrong,Corporate,3,Occasional Customers,8673.222,11.0,788.47,2.76,3.535208885578535,-0.045153318591190574
DO-13435,Denny Ordway,Consumer,3,Occasional Customers,1300.0315,9.0,144.45,2.26,0.6970610174978358,-1.662252719041864
DK-13225,Dean Katz,Corporate,3,Occasional Customers,4802.394,9.0,533.6,2.26,1.6911804127170649,-0.4572915390157563
NG-18430,Nathan Gelder,Consumer,0,Medium Value Customers,1395.9379999999999,5.0,279.19,1.25,-0.9425969495308615,-0.14112050864738468
MV-18190,Mike Vittorini,Consumer,0,Medium Value Customers,1734.574,7.0,247.8,1.75,-0.02256093970265792,-0.7764910291896302
JG-15115,Jack Garza,Consumer,2,VIP Customers,2358.676,3.0,786.23,0.75,-1.24826014285879,1.464768334233979
BP-11095,Bart Pistole,Corporate,3,Occasional Customers,2442.044,12.0,203.5,3.01,2.283495046106873,-2.3408138124027333
VP-21730,Victor Preis,Home Office,2,VIP Customers,993.9019999999999,3.0,331.3,0.75,-1.8600822319945876,0.5162825367760913
SS-20140,Saphhira Shifley,Corporate,0,Medium Value Customers,1324.028,8.0,165.5,2.01,0.2799815054851786,-1.3035221488409359
AG-10675,Anna Gayman,Consumer,0,Medium Value Customers,3489.0396000000005,7.0,498.43,1.75,0.5166429999983021,-0.08493624040487831
LF-17185,Luke Foster,Consumer,0,Medium Value Customers,3930.5089999999996,7.0,561.5,1.75,0.6523244607823184,0.08908482252050122
RF-19840,Roy Französisch,Consumer,0,Medium Value Customers,938.862,7.0,134.12,1.75,-0.2671166752722443,-1.0901520227431467
KH-16510,Keith Herrera,Consumer,0,Medium Value Customers,5229.695000000001,6.0,871.62,1.5,0.7062647801361566,1.1192775078325852
KC-16675,Kimberly Carter,Corporate,2,VIP Customers,1146.05,4.0,286.51,1.0,-1.4250570114307881,0.1497567390320995
CJ-12010,Caroline Jumper,Consumer,1,Regular Customers,11164.974,8.0,1395.62,2.01,3.1744109608088116,2.2980304169589467
PB-19150,Philip Brown,Consumer,0,Medium Value Customers,1456.95,8.0,182.12,2.01,0.3190801624617359,-1.2548683892895836
MP-17965,Michael Paige,Corporate,3,Occasional Customers,3983.6420000000003,9.0,442.63,2.26,1.4587853510964792,-0.7389735899212067
NF-18385,Natalie Fritzler,Consumer,1,Regular Customers,8080.474,6.0,1346.75,1.5,1.6326405632376055,2.3501724076872392
SD-20485,Shirley Daniels,Home Office,3,Occasional Customers,6121.114,9.0,680.12,2.26,2.0654863176599947,-0.003602145591535581
KH-16630,Ken Heidel,Corporate,3,Occasional Customers,3918.9660000000003,9.0,435.44,2.26,1.440424737696382,-0.7612308820773651
RB-19795,Ross Baird,Home Office,3,Occasional Customers,5633.316000000001,8.0,704.16,2.01,1.547432546820377,0.27357214714190337
MK-18160,Mike Kennedy,Consumer,2,VIP Customers,1031.602,4.0,257.9,1.0,-1.4693038699069572,0.0852830345665443
PO-19180,Philisse Overcash,Home Office,3,Occasional Customers,4893.043,9.0,543.67,2.26,1.7169089175704622,-0.4261077170611286
BB-11545,Brenda Bowman,Corporate,3,Occasional Customers,6765.728,9.0,751.75,2.26,2.2484599731091746,0.2181826279765898
TB-21595,Troy Blackwell,Consumer,2,VIP Customers,1240.871,4.0,310.22,1.0,-1.3883934261768935,0.20318378966719816
RB-19360,Raymond Buch,Consumer,1,Regular Customers,15117.339,6.0,2519.56,1.5,3.9193063128477266,5.388512326647846
EB-13705,Ed Braxton,Corporate,3,Occasional Customers,3644.978,9.0,405.0,2.26,1.3626575154329796,-0.8554896281913816
SC-20095,Sanjit Chand,Consumer,1,Regular Customers,14142.333999999999,9.0,1571.37,2.26,4.342254430345575,2.7560478750648927
TN-21040,Tanja Norvell,Home Office,0,Medium Value Customers,3130.221,7.0,447.17,1.75,0.4063651059605566,-0.22637405256198637
JS-15940,Joni Sundaresam,Home Office,0,Medium Value Customers,469.169,5.0,93.83,1.25,-1.2666210589341906,-0.590070109425076
MH-17785,Maya Herman,Corporate,0,Medium Value Customers,2203.7780000000002,7.0,314.83,1.75,0.12164280879473093,-0.591540960511495
JP-15520,Jeremy Pistek,Consumer,0,Medium Value Customers,3635.594,7.0,519.37,1.75,0.5616870974911691,-0.02716231318425287
JE-15475,Jeremy Ellison,Consumer,0,Medium Value Customers,1388.682,6.0,231.45,1.5,-0.5418934998604791,-0.5391770946542019
JG-15805,John Grady,Corporate,0,Medium Value Customers,1507.018,6.0,251.17,1.5,-0.503441566423198,-0.4880867987277894
XP-21865,Xylona Preis,Consumer,3,Occasional Customers,2374.658,11.0,215.88,2.76,1.8415751764380421,-2.011179875373852
EM-14065,Erin Mull,Consumer,2,VIP Customers,228.99,4.0,57.25,1.0,-1.7796106764658601,-0.3668818054913025
MT-18070,Michelle Tran,Home Office,2,VIP Customers,1319.4498,4.0,329.86,1.0,-1.358016457771323,0.24744550731726758
SA-20830,Sue Ann Reed,Consumer,3,Occasional Customers,4767.3415,10.0,476.73,2.51,2.0795231692445935,-0.8744518886393378
CW-11905,Carl Weiss,Home Office,0,Medium Value Customers,1136.592,6.0,189.43,1.5,-0.6238151740055574,-0.6480311090541637
AJ-10960,Astrea Jones,Consumer,2,VIP Customers,629.2479999999999,3.0,209.75,0.75,-2.023552950410751,0.2628609481767781
SS-20590,Sonia Sunley,Consumer,0,Medium Value Customers,418.49,6.0,69.75,1.5,-0.8571634899083048,-0.9580836924038411
RO-19780,Rose O'Brian,Consumer,0,Medium Value Customers,3815.478,7.0,545.07,1.75,0.6169735542224767,0.04374715961818312
MD-17350,Maribeth Dona,Consumer,0,Medium Value Customers,2716.412,6.0,452.74,1.5,-0.11043940579901028,0.03410594098345724
MY-17380,Maribeth Yedwab,Corporate,0,Medium Value Customers,2254.285,7.0,322.04,1.75,0.1371614986831595,-0.5716406862560763
CM-12385,Christopher Martinez,Consumer,1,Regular Customers,8954.019999999999,4.0,2238.5,1.0,1.5936893888073245,4.548548842773413
LS-17245,Lynn Smith,Consumer,0,Medium Value Customers,1008.1360000000001,6.0,168.02,1.5,-0.6655581215230658,-0.7034962302350481
BN-11515,Bradley Nguyen,Consumer,0,Medium Value Customers,1459.344,5.0,291.87,1.25,-0.9204296578252132,-0.11040765425431304
DB-13210,Dean Braden,Consumer,3,Occasional Customers,2332.577,10.0,233.26,2.51,1.4084573688393938,-1.669384173478213
MC-17605,Matt Connell,Corporate,3,Occasional Customers,2258.192,8.0,282.27,2.01,0.5547383171424823,-0.9616413581943534
BD-11605,Brian Dahlen,Consumer,0,Medium Value Customers,2783.189,6.0,463.86,1.5,-0.08874689796188091,0.06292356710073309
PH-18790,Patricia Hirasaki,Home Office,2,VIP Customers,729.648,1.0,729.65,0.25,-2.4935622070082353,1.7436855391824475
MG-18145,Mike Gockenbach,Consumer,2,VIP Customers,3061.543,4.0,765.39,1.0,-0.6844765347772293,1.2289035945918587
KB-16240,Karen Bern,Corporate,0,Medium Value Customers,3152.6150000000002,7.0,450.37,1.75,0.4132482147114007,-0.21754553313432923
JC-15340,Jasper Cacioppo,Consumer,2,VIP Customers,71.263,4.0,17.82,1.0,-1.8405904181429673,-0.4557381057984918
RL-19615,Rob Lucas,Consumer,3,Occasional Customers,6234.91,8.0,779.36,2.01,1.7243744868086774,0.49374228191840275
AA-10375,Allen Armold,Consumer,3,Occasional Customers,1056.39,9.0,117.38,2.26,0.6279060744383839,-1.7460738587847644
EP-13915,Emily Phan,Consumer,3,Occasional Customers,5478.0608,17.0,322.24,4.26,5.1709565788456695,-3.248711341051072
DK-12985,Darren Koutras,Consumer,0,Medium Value Customers,1687.04,5.0,337.41,1.25,-0.8408213653850719,-0.00010727759170989303
BD-11500,Bradley Drucker,Consumer,0,Medium Value Customers,4411.2429999999995,6.0,735.21,1.5,0.44030350276391866,0.7658884237754026
LM-17065,Liz MacKendrick,Consumer,0,Medium Value Customers,1346.774,5.0,269.35,1.25,-0.9597911303135759,-0.1649476049550745
AS-10135,Adrian Shami,Home Office,2,VIP Customers,58.82,2.0,29.41,0.5,-2.709512560780963,0.20335421195683723
BD-11320,Bill Donatelli,Consumer,3,Occasional Customers,5718.521,12.0,476.54,3.01,3.146147668008543,-1.3572900126883172
GT-14710,Greg Tran,Consumer,1,Regular Customers,11820.119999999999,11.0,1074.56,2.76,4.381393378112378,0.9371343361369929
AJ-10945,Ashley Jarboe,Consumer,0,Medium Value Customers,1829.896,6.0,304.98,1.5,-0.39852287881651877,-0.3486809405822659
OT-18730,Olvera Toch,Consumer,0,Medium Value Customers,3818.624,5.0,763.72,1.25,-0.09557614943975944,1.0324509583532289
LP-17080,Liz Pelletier,Consumer,2,VIP Customers,756.606,4.0,189.15,1.0,-1.5756246513554188,-0.06964374526980942
CA-12775,Cynthia Arntzen,Consumer,0,Medium Value Customers,3041.566,7.0,434.51,1.75,0.3791219644337476,-0.26131178447948217
JF-15490,Jeremy Farry,Consumer,3,Occasional Customers,890.95,10.0,89.1,2.51,1.0111176700993427,-2.1400663062498615
FP-14320,Frank Preis,Consumer,3,Occasional Customers,4046.746,8.0,505.84,2.01,1.0807900326673423,-0.30707238073790183
EB-13840,Ellis Ballard,Corporate,2,VIP Customers,964.448,4.0,241.11,1.0,-1.4952683250894268,0.04744794487568784
JF-15415,Jennifer Ferguson,Consumer,0,Medium Value Customers,2309.432,5.0,461.89,1.25,-0.6232177821812955,0.30139060139746726
SF-20200,Sarah Foster,Consumer,3,Occasional Customers,3422.7859999999996,9.0,380.31,2.26,1.299588433149158,-0.9319363933436078
TG-21640,Trudy Glocke,Consumer,2,VIP Customers,2074.661,4.0,518.67,1.0,-1.0660283877822707,0.6729221448679612
CS-11950,Carlos Soltero,Consumer,3,Occasional Customers,3036.547,11.0,276.05,2.76,2.019551103371127,-1.8045802118817058
CC-12145,Charles Crestani,Consumer,0,Medium Value Customers,2471.65,7.0,353.09,1.75,0.2039639254916606,-0.4859641155124952
DV-13465,Dianna Vittorini,Consumer,0,Medium Value Customers,3254.487,5.0,650.9,1.25,-0.2928057994473895,0.7591868251850428
BD-11725,Bruce Degenhardt,Consumer,0,Medium Value Customers,1526.5,6.0,254.42,1.5,-0.4971085677796177,-0.47967022384478075
ZC-21910,Zuschuss Carroll,Consumer,3,Occasional Customers,8025.707,13.0,617.36,3.26,4.153023017953764,-1.0674105796482638
MS-17830,Melanie Seite,Consumer,2,VIP Customers,370.348,4.0,92.59,1.0,-1.7249579172711877,-0.2872437974893654
LR-16915,Lena Radford,Consumer,0,Medium Value Customers,5142.892,6.0,857.15,1.5,0.67805559109571,1.0817936823761443
TP-21130,Theone Pippenger,Consumer,3,Occasional Customers,4454.0560000000005,9.0,494.9,2.26,1.5923102995799305,-0.5771281290662595
CK-12205,Chloris Kastensmidt,Consumer,3,Occasional Customers,3154.855,13.0,242.68,3.26,2.89369979699552,-2.480220253838921
AS-10240,Alan Shonely,Consumer,0,Medium Value Customers,503.968,5.0,100.79,1.25,-1.2544543890451572,-0.5732126733750861
AR-10510,Andrew Roberts,Consumer,0,Medium Value Customers,264.86400000000003,5.0,52.97,1.25,-1.3380499937152357,-0.6890367174306963
NB-18655,Nona Balk,Corporate,3,Occasional Customers,1972.599,9.0,219.18,2.26,0.8879646739783743,-1.4308601262050211
GD-14590,Giulietta Dortch,Corporate,2,VIP Customers,1888.07,4.0,472.02,1.0,-1.1381706034243964,0.5677983422820239
CK-12595,Clytie Kelty,Consumer,3,Occasional Customers,2372.75,11.0,215.7,2.76,1.841057285126883,-2.0117857759308966
NG-18355,Nat Gilpin,Corporate,0,Medium Value Customers,1869.58,5.0,373.92,1.25,-0.7769997495643286,0.08832079882972264
CA-12265,Christina Anderson,Consumer,3,Occasional Customers,2638.3272,8.0,329.79,2.01,0.6665463286348244,-0.8225161125012913
SF-20965,Sylvia Foulston,Corporate,3,Occasional Customers,3336.535,9.0,370.73,2.26,1.275109255684911,-0.9616050085305728
MO-17800,Meg O'Connel,Home Office,0,Medium Value Customers,1687.0269999999998,8.0,210.88,2.01,0.386750900496978,-1.170665142817225
AT-10735,Annie Thurman,Consumer,3,Occasional Customers,3831.864,10.0,383.19,2.51,1.8216922953973618,-1.1798699267573134
FM-14380,Fred McMath,Consumer,3,Occasional Customers,2523.266,9.0,280.36,2.26,1.0442636795383375,-1.2414152350361836
DJ-13420,Denny Joy,Corporate,2,VIP Customers,2012.52,4.0,503.13,1.0,-1.0900571021517023,0.6379061095119526
ME-17725,Max Engle,Consumer,0,Medium Value Customers,1908.4532,8.0,238.56,2.01,0.4518782562494629,-1.0896257494218498
JD-16150,Justin Deggeller,Corporate,1,Regular Customers,8828.0305,8.0,1103.5,2.01,2.487065445893697,1.4427619851760805
JL-15835,John Lee,Consumer,1,Regular Customers,9576.343,10.0,957.63,2.51,3.404981596371898,0.695670789066957
SC-20305,Sean Christensen,Consumer,0,Medium Value Customers,3650.473,6.0,608.41,1.5,0.19308358185583593,0.4373991855380948
CC-12430,Chuck Clark,Home Office,3,Occasional Customers,2870.05,10.0,287.0,2.51,1.5565904475643746,-1.4939125635630792
AR-10825,Anthony Rawles,Corporate,3,Occasional Customers,4523.336,8.0,565.42,2.01,1.2209697504276185,-0.1326420212266896
SR-20740,Steven Roelle,Home Office,3,Occasional Customers,4345.8859999999995,8.0,543.24,2.01,1.1687789169580751,-0.19758248393397507
CR-12730,Craig Reiter,Consumer,2,VIP Customers,1600.55,4.0,400.14,1.0,-1.2493327232744829,0.4058174636699094
EH-14125,Eugene Hildebrand,Home Office,3,Occasional Customers,3082.653,10.0,308.27,2.51,1.6151953329497077,-1.4244830767612866
SP-20545,Sibella Parks,Corporate,0,Medium Value Customers,1306.086,6.0,217.68,1.5,-0.5687364654414795,-0.5748462857415698
TH-21235,Tiffany House,Corporate,0,Medium Value Customers,1022.201,8.0,127.78,2.01,0.19121406614823055,-1.4139703537218848
RP-19390,Resi Pölking,Consumer,3,Occasional Customers,5153.084,12.0,429.42,3.01,2.997275506803371,-1.5270216534229237
RB-19570,Rob Beeghly,Consumer,0,Medium Value Customers,528.546,5.0,105.71,1.25,-1.2458581051253919,-0.5612997995387949
CD-11980,Carol Darley,Consumer,2,VIP Customers,639.766,3.0,213.26,0.75,-2.0188348483041327,0.27017696232102345
DJ-13630,Doug Jacobs,Consumer,2,VIP Customers,3356.398,3.0,1118.8,0.75,-0.800991671486743,2.158149159841389
GT-14635,Grant Thornton,Corporate,1,Regular Customers,9351.212,3.0,3117.07,0.75,1.8864383488184973,6.324364646020824
MC-17845,Michael Chen,Consumer,0,Medium Value Customers,3805.714,7.0,543.67,1.75,0.613968923141327,0.03989030870567147
RA-19285,Ralph Arnett,Consumer,3,Occasional Customers,2617.906,9.0,290.88,2.26,1.0711298523271153,-1.208847985032522
NP-18325,Naresj Patel,Consumer,0,Medium Value Customers,5529.62,6.0,921.6,1.5,0.8037214393206045,1.248765731878531
AB-10165,Alan Barnes,Consumer,0,Medium Value Customers,1113.838,8.0,139.23,2.01,0.2181630029255569,-1.3804407170212831
JO-15550,Jesus Ocampo,Home Office,0,Medium Value Customers,1090.838,5.0,218.17,1.25,-1.049266848863184,-0.28891519751012446
JK-15370,Jay Kimmel,Consumer,0,Medium Value Customers,2136.458,7.0,305.21,1.75,0.10095085878763056,-0.6180813662038395
BN-11470,Brad Norvell,Corporate,2,VIP Customers,265.296,4.0,66.32,1.0,-1.7655787172741872,-0.34643826593009913
DP-13165,David Philippe,Consumer,2,VIP Customers,1058.616,2.0,529.31,0.5,-2.137997679078141,1.1613276371929104
TH-21550,Tracy Hopkins,Home Office,0,Medium Value Customers,4234.0960000000005,7.0,604.87,1.75,0.745627884532849,0.20875205281544337
AP-10915,Arthur Prichep,Consumer,3,Occasional Customers,3323.556,10.0,332.36,2.51,1.6815928731829692,-1.345829526285487
RS-19765,Roland Schwarz,Corporate,3,Occasional Customers,4159.7699999999995,8.0,519.97,2.01,1.1140342363714015,-0.26570515385183346
SV-20365,Seth Vernon,Consumer,1,Regular Customers,11470.949999999999,10.0,1147.09,2.51,3.9271732682622664,1.314252535996575
CK-12325,Christine Kargatis,Home Office,0,Medium Value Customers,2945.321,5.0,589.06,1.25,-0.40090229702343455,0.6094117709243697
RD-19810,Ross DeVincentis,Home Office,0,Medium Value Customers,1137.616,8.0,142.2,2.01,0.22515494527373356,-1.371742093438423
MR-17545,Mathew Reese,Home Office,2,VIP Customers,639.178,4.0,159.79,1.0,-1.6210273493418472,-0.13580419582927536
SC-20695,Steve Chapman,Corporate,3,Occasional Customers,2576.408,10.0,257.64,2.51,1.475659853305308,-1.5897790624734391
JF-15355,Jay Fein,Consumer,0,Medium Value Customers,1911.844,6.0,318.64,1.5,-0.37189196429896787,-0.31329469793433545
EG-13900,Emily Grady,Consumer,0,Medium Value Customers,1832.02,5.0,366.4,1.25,-0.7901375000398072,0.0701135783827126
DS-13030,Darrin Sayre,Home Office,2,VIP Customers,1762.213,4.0,440.55,1.0,-1.1868341898032024,0.49688488168470707
PO-19195,Phillina Ober,Home Office,0,Medium Value Customers,1056.858,5.0,211.37,1.25,-1.0611499898165946,-0.30538189941082916
SS-20875,Sung Shariari,Consumer,0,Medium Value Customers,964.636,5.0,192.93,1.25,-1.0933896424488296,-0.3500485721467046
PB-19105,Peter Bühler,Consumer,2,VIP Customers,688.324,4.0,172.08,1.0,-1.6020237383118738,-0.10811116086360005
RF-19735,Roland Fjeld,Consumer,0,Medium Value Customers,2341.2960000000003,7.0,334.47,1.75,0.16390297481225213,-0.5373433085715109
YC-21895,Yoseph Carroll,Corporate,0,Medium Value Customers,5454.35,5.0,1090.87,1.25,0.476314415968141,1.8248269921176103
DC-13285,Debra Catini,Consumer,0,Medium Value Customers,1174.618,5.0,234.92,1.25,-1.0199798954783854,-0.24834047381495356
CP-12340,Christine Phan,Corporate,3,Occasional Customers,5817.187,7.0,831.03,1.75,1.2321712446493482,0.8327742606525047
BF-11020,Barry Französisch,Corporate,3,Occasional Customers,2888.506,8.0,361.06,2.01,0.7401274101548191,-0.7309603934305179
LH-17020,Lisa Hazard,Consumer,2,VIP Customers,318.239,4.0,79.56,1.0,-1.745106540064831,-0.31660492097246257
CS-12250,Chris Selesnick,Corporate,3,Occasional Customers,2754.216,12.0,229.52,3.01,2.3656899390790236,-2.2470979742047636
AJ-10795,Anthony Johnson,Corporate,0,Medium Value Customers,4501.391,7.0,643.06,1.75,0.8277808660063816,0.31412108541912587
BV-11245,Benjamin Venier,Corporate,0,Medium Value Customers,1523.2730000000001,5.0,304.65,1.25,-0.8980829175356858,-0.07944871557224203
DL-12865,Dan Lawera,Consumer,0,Medium Value Customers,444.024,7.0,63.43,1.75,-0.41919718565680747,-1.2852032275041556
BM-11785,Bryan Mills,Consumer,3,Occasional Customers,1338.842,10.0,133.88,2.51,1.1345589987839397,-1.9938455938182198
LT-17110,Liz Thompson,Consumer,3,Occasional Customers,2936.252,8.0,367.03,2.01,0.754171802978759,-0.7134837410003415
JK-15730,Joe Kamberova,Consumer,3,Occasional Customers,4769.9,9.0,529.99,2.26,1.6819575532614468,-0.46847017106875743
ES-14020,Erica Smith,Consumer,0,Medium Value Customers,3510.4579999999996,5.0,702.09,1.25,-0.20331562402902825,0.883176109745573
RH-19495,Rick Hansen,Consumer,0,Medium Value Customers,3621.3759999999997,5.0,724.28,1.25,-0.16453143230480763,0.9369164403094403
CD-11920,Carlos Daly,Consumer,0,Medium Value Customers,2033.968,5.0,406.79,1.25,-0.7195315900335102,0.16794063360620493
HW-14935,Helen Wasserman,Corporate,0,Medium Value Customers,4827.934,7.0,689.7,1.75,0.9281325094626839,0.4428221188462162
MC-18130,Mike Caudle,Corporate,0,Medium Value Customers,1581.9979999999998,5.0,316.4,1.25,-0.8775476217465767,-0.05099361189672333
GM-14440,Gary McGarr,Consumer,0,Medium Value Customers,3582.8199999999997,7.0,511.83,1.75,0.5454671318313479,-0.0479658839004433
PJ-19015,Pauline Johnson,Consumer,0,Medium Value Customers,1677.536,6.0,279.59,1.5,-0.44803059701208936,-0.4144608907643987
BW-11110,Bart Watters,Corporate,3,Occasional Customers,4750.358,8.0,593.79,2.01,1.2877359363339238,-0.04956966213449082
TR-21325,Toby Ritter,Consumer,0,Medium Value Customers,675.9419999999999,5.0,135.19,1.25,-1.1943245190647505,-0.48989786114455613
PG-18820,Patrick Gardner,Consumer,3,Occasional Customers,3086.907,13.0,237.45,3.26,2.876129937328807,-2.4999339592844056
JL-15175,James Lanier,Home Office,0,Medium Value Customers,1571.523,5.0,314.3,1.25,-0.881213620115874,-0.05607574363639417
BM-11650,Brian Moss,Corporate,3,Occasional Customers,7294.185,11.0,663.11,2.76,3.1644009066417835,-0.4755956208967177
EM-14095,Eudokia Martin,Corporate,2,VIP Customers,1041.0420000000001,4.0,260.26,1.0,-1.4656541397616287,0.09060127153822752
AF-10885,Art Foster,Consumer,2,VIP Customers,861.565,4.0,215.39,1.0,-1.535044802543903,-0.010512329892855587
GA-14725,Guy Armstrong,Consumer,3,Occasional Customers,1398.382,11.0,127.13,2.76,1.579063310853818,-2.315911462492034
CK-12760,Cyma Kinney,Corporate,3,Occasional Customers,1582.109,9.0,175.79,2.26,0.7771252495560306,-1.5652089945455248
DP-13105,Dave Poirier,Corporate,3,Occasional Customers,2215.002,8.0,276.88,2.01,0.5420417095164894,-0.9774340427715261
BK-11260,Berenike Kampe,Consumer,0,Medium Value Customers,659.1379999999999,6.0,109.86,1.5,-0.7789621740357002,-0.8541747832013248
SJ-20125,Sanjit Jacobs,Home Office,3,Occasional Customers,3949.656,12.0,329.14,3.01,2.6804332530600132,-1.8882542468784154
CM-12445,Chuck Magee,Consumer,2,VIP Customers,287.99,3.0,96.0,0.75,-2.176534427473187,0.025700989919703276
AJ-10780,Anthony Jacobs,Corporate,0,Medium Value Customers,4867.344,7.0,695.33,1.75,0.9402446072501357,0.4583565747804194
LS-16945,Linda Southworth,Corporate,0,Medium Value Customers,2845.27,6.0,474.21,1.5,-0.06857100643257343,0.08973358143979976
GP-14740,Guy Phonely,Corporate,2,VIP Customers,236.53,2.0,118.26,0.5,-2.607931891082686,0.37362194845154106
PK-18910,Paul Knutson,Home Office,2,VIP Customers,1441.152,2.0,720.58,0.5,-1.9193271399263683,1.527863682262479
SM-20005,Sally Matthias,Consumer,2,VIP Customers,244.49399999999997,4.0,61.12,1.0,-1.7736208987963,-0.3581567523485169
AG-10765,Anthony Garverick,Home Office,2,VIP Customers,170.584,4.0,42.65,1.0,-1.8021907252079066,-0.3997837745043175
PM-19135,Peter McVee,Home Office,2,VIP Customers,4115.662,4.0,1028.92,1.0,-0.2769286918195385,1.8227657095496228
LL-16840,Lauren Leatherbury,Consumer,0,Medium Value Customers,2454.554,5.0,490.91,1.25,-0.5724830863675466,0.37168277082570234
JS-15595,Jill Stevenson,Corporate,2,VIP Customers,1417.654,4.0,354.41,1.0,-1.3200491384897906,0.30276940079765785
EL-13735,Ed Ludwig,Home Office,2,VIP Customers,124.28,2.0,62.14,0.5,-2.6720936600529206,0.26607574081939017
PC-18745,Pamela Coakley,Corporate,2,VIP Customers,1832.064,4.0,458.02,1.0,-1.1598227546718678,0.5362484674143522
HL-15040,Hunter Lopez,Consumer,1,Regular Customers,12873.297999999999,6.0,2145.55,1.5,3.190091020305985,4.419586890031248
MS-17365,Maribeth Schnelling,Consumer,3,Occasional Customers,7443.6900000000005,10.0,744.37,2.51,2.817183013610164,-0.0006249169460644606
GB-14530,George Bell,Corporate,3,Occasional Customers,1568.44,11.0,142.59,2.76,1.624790821979733,-2.2628291790910797
JR-16210,Justin Ritter,Corporate,0,Medium Value Customers,2201.686,5.0,440.34,1.25,-0.6608888264244127,0.2491956751743451
BE-11335,Bill Eplett,Home Office,0,Medium Value Customers,4204.676,5.0,840.94,1.25,0.0394035145340773,1.2194750834219812
SC-20050,Sample Company A,Home Office,3,Occasional Customers,4624.572,9.0,513.84,2.26,1.6407054360319273,-0.5184731153492135
RW-19630,Rob Williams,Corporate,3,Occasional Customers,3279.746,9.0,364.42,2.26,1.2589900239706193,-0.9811430430843348
SE-20110,Sanjit Engle,Consumer,1,Regular Customers,12209.438000000002,11.0,1109.95,2.76,4.486076312498965,1.058652247925774
AH-10075,Adam Hart,Corporate,3,Occasional Customers,3250.337,10.0,325.03,2.51,1.6614062346879879,-1.369748076333309
JM-15535,Jessica Myrick,Consumer,0,Medium Value Customers,1733.443,7.0,247.63,1.75,-0.02291477366477139,-0.7769501518349878
JJ-15760,Joel Jenkins,Home Office,2,VIP Customers,195.0,2.0,97.5,0.5,-2.6316679854503056,0.3338372214359459
RK-19300,Ralph Kennedy,Consumer,2,VIP Customers,1460.192,3.0,486.73,0.75,-1.651047855906189,0.8403402307852553
CG-12040,Catherine Glotzbach,Home Office,0,Medium Value Customers,904.4680000000001,6.0,150.74,1.5,-0.6992470645058453,-0.7482606223320372
RP-19270,Rachel Payne,Corporate,2,VIP Customers,954.6452,4.0,238.66,1.0,-1.4990578043890557,0.04192642175991553
KC-16255,Karen Carlisle,Corporate,0,Medium Value Customers,2120.954,6.0,353.49,1.5,-0.3039418011550118,-0.2230088938256187
KH-16360,Katherine Hughes,Consumer,0,Medium Value Customers,3100.612,6.0,516.77,1.5,0.014405942202204248,0.19998856926272424
GH-14665,Greg Hansen,Consumer,2,VIP Customers,146.94080000000002,2.0,73.47,0.5,-2.6591403626373458,0.2877879111858866
SW-20275,Scott Williamson,Consumer,0,Medium Value Customers,1966.65,6.0,327.78,1.5,-0.3540782722986069,-0.28962189759917817
JA-15970,Joseph Airdo,Consumer,3,Occasional Customers,6491.026,8.0,811.38,2.01,1.7997076322868042,0.5874832700505199
DL-12925,Daniel Lacy,Consumer,0,Medium Value Customers,3272.2,6.0,545.37,1.5,0.07016584712597451,0.2740791082556646
LW-16990,Lindsay Williams,Corporate,0,Medium Value Customers,3230.308,6.0,538.38,1.5,0.056546900759677166,0.2559785634229607
TB-21190,Thomas Brumley,Home Office,2,VIP Customers,816.1740000000001,4.0,204.04,1.0,-1.552595715588532,-0.0360879269277685
BS-11800,Bryan Spruell,Home Office,2,VIP Customers,949.4300000000001,2.0,474.72,0.5,-2.200409453733401,1.0567140910203758
RW-19690,Robert Waldorf,Consumer,0,Medium Value Customers,3495.646,5.0,699.13,1.25,-0.20849246006169425,0.876004760686165
TZ-21580,Tracy Zic,Consumer,2,VIP Customers,1707.286,4.0,426.82,1.0,-1.2080689887960132,0.46594328060305135
AS-10630,Ann Steele,Home Office,0,Medium Value Customers,833.398,7.0,119.06,1.75,-0.2995248702038088,-1.131713420053129
TS-21340,Toby Swindell,Consumer,0,Medium Value Customers,974.7819999999999,5.0,194.96,1.25,-1.089841778064233,-0.34513244511402286
SL-20155,Sara Luxemburg,Home Office,0,Medium Value Customers,3046.532,6.0,507.76,1.5,-0.0031651720540173144,0.17664345001307236
MW-18235,Mitch Willingham,Corporate,1,Regular Customers,5253.876,2.0,2626.94,0.5,0.260138854199106,5.1810820089606135
RD-19585,Rob Dowd,Consumer,3,Occasional Customers,2832.904,9.0,314.77,2.26,1.1321564760670169,-1.134877318151433
RA-19945,Ryan Akin,Consumer,0,Medium Value Customers,1686.9225,5.0,337.38,1.25,-0.8408672562150558,-0.00017446085050607042
MT-17815,Meg Tillman,Consumer,0,Medium Value Customers,2890.139,6.0,481.69,1.5,-0.05398923171013902,0.10910978172922296
VG-21790,Vivek Gonzalez,Consumer,0,Medium Value Customers,846.01,6.0,141.0,1.5,-0.718241079609038,-0.7734965782068385
JS-15880,John Stevenson,Consumer,0,Medium Value Customers,3868.02,5.0,773.6,1.25,-0.07830559233541971,1.0563803319865743
KM-16225,Kalyca Meade,Corporate,0,Medium Value Customers,2260.958,6.0,376.83,1.5,-0.2584423233831966,-0.16254921457834529
HR-14770,Hallie Redmond,Home Office,2,VIP Customers,940.588,4.0,235.15,1.0,-1.5044894725601645,0.03401377144417713
DE-13255,Deanra Eno,Home Office,0,Medium Value Customers,2550.874,5.0,510.17,1.25,-0.5388103837188544,0.41833520349994013
AG-10390,Allen Goldenen,Consumer,0,Medium Value Customers,200.945,5.0,40.19,1.25,-1.3603947178257836,-0.7199939703188831
JJ-15445,Jennifer Jackson,Consumer,0,Medium Value Customers,709.178,5.0,141.84,1.25,-1.1827023854622911,-0.4737934582121195
JH-15430,Jennifer Halladay,Consumer,2,VIP Customers,309.281,4.0,77.32,1.0,-1.7485702874754483,-0.32165240195630024
RD-19660,Robert Dilbeck,Home Office,2,VIP Customers,2745.892,4.0,686.47,1.0,-0.8065201383112883,1.0510630334766484
MO-17500,Mary O'Rourke,Consumer,2,VIP Customers,922.487,4.0,230.62,1.0,-1.5114912679041446,0.02380866365521602
NS-18640,Noel Staavos,Corporate,3,Occasional Customers,2857.753,12.0,238.15,3.01,2.3929512605067593,-2.216015509763719
DG-13300,Deirdre Greer,Corporate,0,Medium Value Customers,3195.818,5.0,639.16,1.25,-0.3133224043918882,0.730756953682161
NF-18595,Nicole Fjeld,Home Office,0,Medium Value Customers,2031.472,7.0,290.21,1.75,0.06868343866524,-0.6594674322048436
MG-17650,Matthew Grinstein,Home Office,0,Medium Value Customers,3785.276,7.0,540.75,1.75,0.6076873857839864,0.03183369891455964
TS-21160,Theresa Swint,Corporate,0,Medium Value Customers,2163.6240000000003,6.0,360.6,1.5,-0.29007719315620467,-0.20458769350609718
BD-11620,Brian DeCherney,Consumer,0,Medium Value Customers,1538.11,6.0,256.35,1.5,-0.4933395372156369,-0.47466521385630966
CM-12160,Charles McCrossin,Consumer,0,Medium Value Customers,2533.314,6.0,422.22,1.5,-0.16994077925464035,-0.04495695833222673
SN-20560,Skye Norling,Home Office,0,Medium Value Customers,1860.418,6.0,310.07,1.5,-0.3886023739917172,-0.33549757150415566
EH-14005,Erica Hernandez,Home Office,0,Medium Value Customers,1219.53,7.0,174.22,1.75,-0.18085401136526058,-0.9795123581429811
FO-14305,Frank Olsen,Consumer,3,Occasional Customers,2678.438,10.0,267.84,2.51,1.5037791746057005,-1.5564713460496995
MS-17710,Maurice Satty,Consumer,0,Medium Value Customers,1613.402,6.0,268.9,1.5,-0.46887201832494824,-0.442153917302001
CC-12100,Chad Cunningham,Home Office,0,Medium Value Customers,1685.889,5.0,337.18,1.25,-0.8412236331590898,-0.0006645221861496805
DW-13540,Don Weiss,Consumer,0,Medium Value Customers,344.08,5.0,68.82,1.25,-1.3103492462259412,-0.6506526454839763
BT-11395,Bill Tyler,Corporate,0,Medium Value Customers,2186.6130000000003,6.0,364.44,1.5,-0.2826005062473222,-0.194648198821651
CY-12745,Craig Yedwab,Corporate,0,Medium Value Customers,2004.0819999999999,7.0,286.3,1.75,0.06026762969112853,-0.6702593868659218
BT-11485,Brad Thomas,Home Office,2,VIP Customers,415.19599999999997,2.0,207.6,0.5,-2.505795862800067,0.544824641458969
PS-19045,Penelope Sewall,Home Office,1,Regular Customers,6843.634,7.0,977.66,1.75,1.5476310843648688,1.2373661594810341
PV-18985,Paul Van Hugh,Home Office,0,Medium Value Customers,2876.046,5.0,575.21,1.25,-0.42511871252418865,0.5758618920550487
NM-18520,Neoma Murray,Consumer,3,Occasional Customers,2161.979,10.0,216.2,2.51,1.3614369452767079,-1.725084166050613
DL-13495,Dionis Lloyd,Corporate,3,Occasional Customers,3539.322,8.0,442.42,2.01,0.9315519355886205,-0.4927647402357085
CS-12355,Christine Sundaresam,Consumer,3,Occasional Customers,3202.1620000000003,11.0,291.11,2.76,2.0640868164834005,-1.7528785957789226
FH-14275,Frank Hawley,Corporate,3,Occasional Customers,4256.272,10.0,425.63,2.51,1.9386671726622078,-1.0413033967745426
NC-18340,Nat Carroll,Consumer,0,Medium Value Customers,2461.404,5.0,492.28,1.25,-0.5700881705680502,0.37500100621970345
AA-10315,Alex Avila,Consumer,0,Medium Value Customers,5563.56,5.0,1112.71,1.25,0.5144952358412854,1.8777266786450613
LT-16765,Larry Tron,Consumer,2,VIP Customers,329.876,3.0,109.96,0.75,-2.1577587219143286,0.054807356915353836
AP-10720,Anne Pryor,Home Office,0,Medium Value Customers,545.932,6.0,90.99,1.5,-0.8157507870588476,-0.9030579700798693
PM-18940,Paul MacIntyre,Consumer,2,VIP Customers,1405.402,3.0,468.47,0.75,-1.6756073430198284,0.8022680728006272
AT-10435,Alyssa Tate,Home Office,0,Medium Value Customers,1166.0720000000001,5.0,233.21,1.25,-1.0229683634718585,-0.2524815385658246
CA-12055,Cathy Armstrong,Home Office,0,Medium Value Customers,1679.7240000000002,5.0,335.94,1.25,-0.8433842375482635,-0.0036619882495706477
HR-14830,Harold Ryan,Corporate,0,Medium Value Customers,5248.787,7.0,749.83,1.75,1.0574816637717137,0.6087249139638188
BT-11530,Bradley Talbott,Home Office,0,Medium Value Customers,2684.4919999999997,5.0,536.9,1.25,-0.49208975569557206,0.483071730186994
LH-16750,Larry Hughes,Consumer,2,VIP Customers,287.426,3.0,95.81,0.75,-2.1767887445718004,0.025305868333808112
SW-20755,Steven Ward,Corporate,2,VIP Customers,758.6959999999999,2.0,379.35,0.5,-2.309440952930182,0.8739545706414764
SP-20620,Stefania Perrino,Corporate,3,Occasional Customers,5440.319,9.0,604.48,2.26,1.8722504278724197,-0.23781877249318817
BF-11170,Ben Ferrer,Home Office,3,Occasional Customers,5907.972,11.0,537.09,2.76,2.791657701675814,-0.9082899028679915
KT-16480,Kean Thornton,Consumer,3,Occasional Customers,4642.088400000001,10.0,464.21,2.51,2.0450047991186784,-0.9153382216957382
BG-11695,Brooke Gillingham,Corporate,0,Medium Value Customers,1874.172,6.0,312.36,1.5,-0.3841346659308215,-0.3295626251390315
GM-14680,Greg Matthias,Consumer,0,Medium Value Customers,3163.628,6.0,527.27,1.5,0.034881350100974984,0.2271930812332472
EJ-14155,Eva Jacobs,Consumer,0,Medium Value Customers,2656.691,5.0,531.34,1.25,-0.5018094696092371,0.46960485446114825
NP-18700,Nora Preis,Consumer,1,Regular Customers,7903.1825,7.0,1129.03,1.75,1.8732724937916547,1.6550235674791043
MH-18115,Mick Hernandez,Home Office,3,Occasional Customers,5503.093,9.0,611.45,2.26,1.890064758699449,-0.2162295363252866
JR-15700,Jocasta Rupert,Consumer,2,VIP Customers,863.88,1.0,863.88,0.25,-2.367165180610739,1.9782866376344075
SM-20950,Suzanne McNair,Corporate,3,Occasional Customers,4464.862,11.0,405.9,2.76,2.4036171178875283,-1.358740169102016
CC-12220,Chris Cortes,Consumer,3,Occasional Customers,3670.258,11.0,333.66,2.76,2.1899513791402647,-1.606773460479154
PF-19225,Phillip Flathmann,Consumer,0,Medium Value Customers,2206.1279999999997,5.0,441.23,1.25,-0.6593346181547849,0.2513499685105232
DC-12850,Dan Campbell,Consumer,3,Occasional Customers,3336.168,9.0,370.69,2.26,1.27500566094706,-0.9617300440736651
BD-11770,Bryan Davis,Consumer,0,Medium Value Customers,658.466,6.0,109.74,1.5,-0.7791864641710252,-0.8544775692729699
GM-14500,Gene McClure,Consumer,3,Occasional Customers,1255.682,10.0,125.57,2.51,1.1116428530174836,-2.020987580801108
TB-21355,Todd Boyes,Corporate,0,Medium Value Customers,834.328,5.0,166.87,1.25,-1.1389470989941164,-0.4131690553567544
JH-16180,Justin Hirsh,Consumer,2,VIP Customers,2256.3940000000002,4.0,564.1,1.0,-0.9957684614520256,0.7753003981049129
EB-13975,Erica Bern,Corporate,2,VIP Customers,1643.255,4.0,410.81,1.0,-1.2328265723818412,0.42986641903930634
QJ-19255,Quincy Jones,Corporate,0,Medium Value Customers,1498.4080000000001,7.0,214.06,1.75,-0.09514464979606917,-0.8695850355471119
TC-21535,Tracy Collins,Home Office,0,Medium Value Customers,742.5580000000001,7.0,106.08,1.75,-0.32744535459205276,-1.1675248331946604
CS-12460,Chuck Sachs,Consumer,2,VIP Customers,550.644,2.0,275.32,0.5,-2.4283726807367167,0.674599956930987
HG-14965,Henry Goldwyn,Corporate,3,Occasional Customers,3247.642,12.0,270.64,3.01,2.495603248439075,-2.0989809399409816
LW-16825,Laurel Workman,Corporate,0,Medium Value Customers,2238.061,5.0,447.61,1.25,-0.6481749992161312,0.26680833587393793
MC-17575,Matt Collins,Consumer,0,Medium Value Customers,1303.893,8.0,162.99,2.01,0.27406446828621345,-1.3108802182750463
LP-17095,Liz Preis,Consumer,0,Medium Value Customers,3104.439,6.0,517.41,1.5,0.01565114940647707,0.20164439310288398
EB-14170,Evan Bailliet,Consumer,0,Medium Value Customers,1186.326,6.0,197.72,1.5,-0.6076531085812478,-0.6265556401623461
GZ-14545,George Zrebassa,Corporate,2,VIP Customers,2454.6220000000003,4.0,613.66,1.0,-0.9191265478149051,0.8869813515575994
CP-12085,Cathy Prescott,Corporate,3,Occasional Customers,5402.254,8.0,675.28,2.01,1.4794744122477455,0.18901334924932434
FG-14260,Frank Gastineau,Home Office,0,Medium Value Customers,1383.144,7.0,197.59,1.75,-0.1305721342954344,-0.9150251443544744
LD-17005,Lisa DeCherney,Consumer,2,VIP Customers,1961.934,4.0,490.48,1.0,-1.1096174516784205,0.6094018180590715
AB-10255,Alejandro Ballentine,Home Office,3,Occasional Customers,914.5319999999999,9.0,101.61,2.26,0.5876347805231339,-1.7948917469657524
MN-17935,Michael Nguyen,Consumer,0,Medium Value Customers,2477.946,6.0,412.99,1.5,-0.18793438269457727,-0.06886662582564619
JR-15670,Jim Radford,Consumer,2,VIP Customers,1156.658,2.0,578.33,0.5,-2.0819546692524074,1.2552665427856118
JF-15190,Jamie Frazer,Consumer,0,Medium Value Customers,2239.606,6.0,373.27,1.5,-0.26538175500802763,-0.17177057645115193
CM-12115,Chad McGuire,Consumer,2,VIP Customers,1661.6100000000001,4.0,415.4,1.0,-1.2257291646378323,0.4402090963542396
AS-10045,Aaron Smayling,Corporate,0,Medium Value Customers,3050.692,7.0,435.81,1.75,0.38192396087275154,-0.2577204044856382
BP-11290,Beth Paige,Consumer,0,Medium Value Customers,2475.157,7.0,353.59,1.75,0.20504101157604512,-0.48458332125302817
ND-18370,Natalie DeCherney,Consumer,3,Occasional Customers,4326.139,9.0,480.68,2.26,1.5559967983405076,-0.6211481343260251
LB-16735,Larry Blacks,Consumer,2,VIP Customers,50.188,3.0,16.73,0.75,-2.283141287749635,-0.13956854482746056
KT-16465,Kean Takahito,Consumer,0,Medium Value Customers,3057.1,7.0,436.73,1.75,0.3838967506567582,-0.2551873088911712
HM-14860,Harry Marie,Corporate,3,Occasional Customers,8236.7648,10.0,823.68,2.51,3.0357724095910448,0.2583153337384363
AB-10600,Ann Blume,Corporate,2,VIP Customers,1515.862,4.0,378.97,1.0,-1.2820736528179217,0.35810972660660984
SZ-20035,Sam Zeldin,Home Office,3,Occasional Customers,3625.329,11.0,329.58,2.76,2.177873589734171,-1.6207905883907714
MG-17890,Michael Granlund,Home Office,3,Occasional Customers,776.384,9.0,86.26,2.26,0.5484222991869628,-1.8424209530865094
JK-16120,Julie Kriz,Home Office,3,Occasional Customers,2932.484,10.0,293.25,2.51,1.573803410858754,-1.473517648723005
PP-18955,Paul Prost,Home Office,3,Occasional Customers,7252.608,10.0,725.26,2.51,2.7645155993490342,-0.0630153937223946
YS-21880,Yana Sorensen,Corporate,3,Occasional Customers,6720.4439999999995,8.0,840.06,2.01,1.8671863021886916,0.6714490888908252
KM-16375,Katherine Murray,Home Office,3,Occasional Customers,5620.186,8.0,702.52,2.01,1.5435716640788848,0.2687688565627179
AB-10105,Adrian Barton,Consumer,1,Regular Customers,14473.570999999998,10.0,1447.36,2.51,4.754762478946572,2.294610731025617
HA-14905,Helen Abelman,Consumer,0,Medium Value Customers,2163.3,7.0,309.04,1.75,0.10919697921506193,-0.6075081268626997
BT-11305,Beth Thompson,Home Office,0,Medium Value Customers,2567.656,5.0,513.53,1.25,-0.5329403507342232,0.4264703230299588
SV-20815,Stuart Van,Corporate,2,VIP Customers,1271.0900000000001,4.0,317.77,1.0,-1.37671355196343,0.22020084400447992
RW-19540,Rick Wilson,Corporate,1,Regular Customers,7397.401,7.0,1056.77,1.75,1.7178237398957772,1.455648213059888
DK-12835,Damala Kotsonis,Corporate,3,Occasional Customers,3256.48,12.0,271.37,3.01,2.4979253651109863,-2.0963382392434826
ST-20530,Shui Tom,Consumer,0,Medium Value Customers,433.34000000000003,7.0,61.91,1.75,-0.4224761081119783,-1.2894046721766403
MM-17920,Michael Moore,Consumer,3,Occasional Customers,3640.2560000000003,10.0,364.03,2.51,1.7688818289102795,-1.2424280349263799
PW-19030,Pauline Webber,Corporate,3,Occasional Customers,3454.916,10.0,345.49,2.51,1.7177939184317632,-1.3029504004219268
SC-20440,Shaun Chance,Corporate,0,Medium Value Customers,1874.998,7.0,267.86,1.75,0.02059593810397524,-0.7211402330177041
TS-21085,Thais Sissman,Consumer,2,VIP Customers,4.833,2.0,2.42,0.5,-2.740370560271537,0.15163124564996322
MC-17425,Mark Cousins,Corporate,0,Medium Value Customers,4432.138,5.0,886.43,1.25,0.11892762717447307,1.329657053873266
ME-17320,Maria Etezadi,Home Office,1,Regular Customers,10663.728000000001,10.0,1066.37,2.51,3.7046881093875363,1.0507007254973586
NH-18610,Nicole Hansen,Corporate,0,Medium Value Customers,2518.6659999999997,6.0,419.78,1.5,-0.17469973735118263,-0.051279490573882015
MB-18085,Mick Brown,Consumer,0,Medium Value Customers,1428.231,7.0,204.03,1.75,-0.11671603207295687,-0.8972545333544804
KD-16495,Keith Dawkins,Corporate,3,Occasional Customers,8181.256,12.0,681.77,3.01,3.7945542951812348,-0.6180300416762755
KN-16390,Katherine Nockton,Corporate,3,Occasional Customers,2224.0860000000002,8.0,278.01,2.01,0.5447094338842677,-0.9741182024690513
NP-18685,Nora Pelletier,Home Office,0,Medium Value Customers,1164.73,5.0,232.95,1.25,-1.023431340991361,-0.2531183570041093
CS-12505,Cindy Stewart,Consumer,0,Medium Value Customers,5690.054999999999,6.0,948.34,1.5,0.8558562547560347,1.3180388437517072
MS-17770,Maxwell Schwartz,Consumer,3,Occasional Customers,3144.678,9.0,349.41,2.26,1.2206501339992133,-1.0276161059746496
CM-12655,Corinna Mitchell,Home Office,1,Regular Customers,5890.508,5.0,1178.1,1.25,0.6288039889040893,2.0361054746349985
Co-12640,Corey-Lock,Consumer,0,Medium Value Customers,1300.076,5.0,260.02,1.25,-0.9761107090013668,-0.18755360641975605
TS-21370,Todd Sumrall,Corporate,1,Regular Customers,11891.751,6.0,1981.96,1.5,2.8711330132274573,3.9957814369447267
JW-15220,Jane Waco,Corporate,1,Regular Customers,7721.714,6.0,1286.95,1.5,1.5160546770638375,2.1952583395219727
JD-15790,John Dryer,Consumer,0,Medium Value Customers,2152.352,5.0,430.47,1.25,-0.6781394829767542,0.22529254518996725
PC-19000,Pauline Chand,Home Office,2,VIP Customers,1061.488,2.0,530.74,0.5,-2.1363603978228185,1.164070014141094
AR-10540,Andy Reiter,Consumer,1,Regular Customers,6608.448,6.0,1101.41,1.5,1.1542962301812243,1.7145849374583326
AI-10855,Arianne Irving,Consumer,3,Occasional Customers,4375.786,10.0,437.58,2.51,1.9716066236974132,-1.0022846861186991
TB-21400,Tom Boeckenhauer,Consumer,1,Regular Customers,9108.742,6.0,1518.12,1.5,1.966775748655331,2.794140021897104
PL-18925,Paul Lucas,Home Office,0,Medium Value Customers,239.481,5.0,47.9,1.25,-1.3469195836777283,-0.7013221735779493
GH-14425,Gary Hwang,Consumer,2,VIP Customers,4172.8460000000005,4.0,1043.21,1.0,-0.2548244276608589,1.8549721310165355
MP-18175,Mike Pelletier,Home Office,3,Occasional Customers,4757.332,8.0,594.67,2.01,1.2897932408788841,-0.04700431751372097
JM-15655,Jim Mitchum,Corporate,0,Medium Value Customers,864.947,5.0,172.99,1.25,-1.1282448122738218,-0.39834278620874863
CL-11890,Carl Ludwig,Consumer,2,VIP Customers,1262.0140000000001,4.0,315.5,1.0,-1.3802232910129801,0.21508609547215185
DB-13270,Deborah Brumfield,Home Office,3,Occasional Customers,4655.897,8.0,581.99,2.01,1.259958622131388,-0.08412807746898478
IG-15085,Ivan Gibson,Consumer,2,VIP Customers,744.574,4.0,186.14,1.0,-1.580277990843353,-0.07642540226384047
BO-11425,Bobby Odegard,Consumer,2,VIP Customers,130.83,2.0,65.42,0.5,-2.6683457833388973,0.272359622232019
AB-10150,Aimee Bixby,Consumer,0,Medium Value Customers,966.71,5.0,193.34,1.25,-1.0926680769931516,-0.34905147769281275
JW-16075,Julia West,Consumer,2,VIP Customers,1428.731,4.0,357.18,1.0,-1.3157659499101966,0.30901106303049364
EB-13750,Edward Becker,Corporate,3,Occasional Customers,3236.314,10.0,323.63,2.51,1.65754291297939,-1.3743229068610976
SG-20470,Sheri Gordon,Consumer,0,Medium Value Customers,1884.798,8.0,235.6,2.01,0.44491847282148095,-1.0982878797289262
CM-12190,Charlotte Melton,Consumer,0,Medium Value Customers,1475.144,6.0,245.86,1.5,-0.513797463977185,-0.5018455051305258
AW-10840,Anthony Witt,Consumer,2,VIP Customers,649.376,4.0,162.34,1.0,-1.6170841882256994,-0.13005813287034348
MC-18100,Mick Crebagga,Consumer,3,Occasional Customers,2218.98,10.0,221.9,2.51,1.3771475052035946,-1.706473688006529
TT-21460,Tonja Turnell,Home Office,0,Medium Value Customers,5364.808,7.0,766.4,1.75,1.0931357754430828,0.6544505546370706
VG-21805,Vivek Grady,Corporate,2,VIP Customers,418.432,4.0,104.61,1.0,-1.7063682309916097,-0.26015617046010303
MY-18295,Muhammed Yedwab,Corporate,3,Occasional Customers,3601.88,10.0,360.19,2.51,1.7583028474053541,-1.2549614606604318
RD-19480,Rick Duston,Consumer,3,Occasional Customers,4272.93,8.0,534.12,2.01,1.1473206605942328,-0.22428341671516877
DP-13390,Dennis Pardue,Home Office,3,Occasional Customers,5480.723999999999,9.0,608.97,2.26,1.8837195078433944,-0.22391683693246867
ML-17395,Marina Lichtenstein,Corporate,3,Occasional Customers,2722.843,9.0,302.54,2.26,1.1009157122362316,-1.1727446162013475
JC-15385,Jenna Caffey,Consumer,2,VIP Customers,1058.108,1.0,1058.11,0.25,-2.1842704328616813,2.3177521863876835
JG-15160,James Galang,Consumer,3,Occasional Customers,6366.392,11.0,578.76,2.76,2.914920188227407,-0.7652056136965012
MC-17275,Marc Crier,Consumer,3,Occasional Customers,2725.982,8.0,340.75,2.01,0.6923297707449756,-0.7904315872586479
NW-18400,Natalie Webber,Consumer,1,Regular Customers,7234.014,7.0,1033.43,1.75,1.6676098308157623,1.3912466419732095
TB-21280,Toby Braunhardt,Consumer,0,Medium Value Customers,2198.45,6.0,366.41,1.5,-0.27875610745120594,-0.18954175440446627
BS-11380,Bill Stewart,Corporate,0,Medium Value Customers,3887.834,5.0,777.57,1.25,-0.0713728391023732,1.0659898795623028
HH-15010,Hilary Holden,Corporate,2,VIP Customers,218.668,2.0,109.33,0.5,-2.618141606371688,0.3565087713067392
CD-12280,Christina DeMoss,Consumer,2,VIP Customers,1205.584,2.0,602.79,0.5,-2.053989319251469,1.3021410219056344
TH-21100,Thea Hendricks,Consumer,0,Medium Value Customers,2422.824,5.0,484.56,1.25,-0.5835795761459401,0.35630600025879355
MM-18055,Michelle Moray,Consumer,3,Occasional Customers,2749.881,8.0,343.74,2.01,0.6993609093434549,-0.781680982116018
NS-18505,Neola Schneider,Consumer,2,VIP Customers,2575.863,4.0,643.97,1.0,-0.8722520577627261,0.9552848093792414
RB-19645,Robert Barroso,Corporate,0,Medium Value Customers,221.084,5.0,44.22,1.25,-1.3533520373219523,-0.7102348840806048
SW-20455,Shaun Weien,Consumer,0,Medium Value Customers,2835.564,6.0,472.59,1.5,-0.07172674900677267,0.08553909014033291
EB-13930,Eric Barreto,Consumer,0,Medium Value Customers,944.6000000000001,5.0,188.92,1.25,-1.1003967558245218,-0.35975871125420456
PS-18760,Pamela Stobb,Consumer,0,Medium Value Customers,2181.479,6.0,363.58,1.5,-0.28427203337537194,-0.1968717739139584
HF-14995,Herbert Flentye,Consumer,0,Medium Value Customers,2533.1639999999998,7.0,361.88,1.75,0.22287106187024883,-0.46171319508081893
HZ-14950,Henia Zydlo,Consumer,0,Medium Value Customers,886.52,5.0,177.3,1.25,-1.1207058049192269,-0.3878997887746799
CD-12790,Cynthia Delaney,Home Office,0,Medium Value Customers,1860.732,5.0,372.15,1.25,-0.7800935076169334,0.08403407274223514
JK-15205,Jamie Kunitz,Consumer,2,VIP Customers,4262.2919999999995,4.0,1065.57,1.0,-0.22024357132230926,1.9053611843093219
FM-14215,Filia McAdams,Corporate,3,Occasional Customers,2456.638,10.0,245.66,2.51,1.4426465873612502,-1.6288883046333749
ED-13885,Emily Ducich,Home Office,3,Occasional Customers,3484.92,8.0,435.62,2.01,0.9155513539228952,-0.5126741704067093
DA-13450,Dianna Arnett,Home Office,2,VIP Customers,156.76,4.0,39.19,1.0,-1.8075383748735883,-0.4075781534722485
JW-15955,Joni Wasserman,Consumer,0,Medium Value Customers,1049.2379999999998,6.0,174.87,1.5,-0.6522020566887022,-0.685749947295594
RM-19375,Raymond Messe,Consumer,0,Medium Value Customers,816.294,5.0,163.26,1.25,-1.1452545636451086,-0.42191002945321454
ML-17755,Max Ludwig,Home Office,0,Medium Value Customers,2071.9139999999998,7.0,295.99,1.75,0.08111460975825793,-0.6435221264385075
CC-12685,Craig Carroll,Consumer,2,VIP Customers,2854.1150000000002,4.0,713.53,1.0,-0.7646753888102206,1.1120396135820232
JE-15610,Jim Epp,Corporate,1,Regular Customers,7754.976,7.0,1107.85,1.75,1.8277176975537732,1.5965921288056164
RP-19855,Roy Phan,Corporate,0,Medium Value Customers,2055.356,7.0,293.62,1.75,0.07602236317286501,-0.6500561032238438
TB-21175,Thomas Boland,Corporate,2,VIP Customers,3589.296,4.0,897.32,1.0,-0.4804406872877939,1.5262121253702223
BE-11455,Brad Eason,Home Office,0,Medium Value Customers,748.026,5.0,149.61,1.25,-1.1691199450761247,-0.45497431434068514
JF-15565,Jill Fjeld,Consumer,3,Occasional Customers,4198.332,8.0,524.79,2.01,1.125375942553118,-0.2515927831167449
PB-19210,Phillip Breyer,Corporate,2,VIP Customers,132.738,2.0,66.37,0.5,-2.6672580733687767,0.2741814857592566
BT-11680,Brian Thompson,Consumer,0,Medium Value Customers,3196.752,7.0,456.68,1.75,0.42681657678059376,-0.20014036500284652
JL-15235,Janet Lee,Consumer,0,Medium Value Customers,2203.7,5.0,440.74,1.25,-0.6601867582849371,0.2501668631380461
CH-12070,Cathy Hwang,Home Office,2,VIP Customers,1537.236,3.0,512.41,0.75,-1.61651058428662,0.8938814158288935
ND-18460,Neil Ducich,Corporate,0,Medium Value Customers,2893.455,6.0,482.24,1.5,-0.052913653432645674,0.11053733595992998
BF-10975,Barbara Fisher,Corporate,0,Medium Value Customers,599.798,7.0,85.69,1.75,-0.37131741980503824,-1.223790557805159
KH-16330,Katharine Harms,Corporate,3,Occasional Customers,3312.864,8.0,414.11,2.01,0.8649438636307144,-0.5756472701915252
GW-14605,Giulietta Weimer,Consumer,0,Medium Value Customers,2189.019,7.0,312.72,1.75,0.11710567910821186,-0.5973610780780392
NC-18625,Noah Childs,Corporate,0,Medium Value Customers,1821.742,5.0,364.35,1.25,-0.7937267784715839,0.06514361541698843
ME-18010,Michelle Ellison,Corporate,2,VIP Customers,1256.944,4.0,314.24,1.0,-1.3821779242885268,0.21224164038527857
BP-11230,Benjamin Patterson,Consumer,0,Medium Value Customers,1181.49,5.0,236.3,1.25,-1.0175731438428093,-0.24500273794752142
JC-15775,John Castell,Consumer,3,Occasional Customers,2772.055,9.0,308.01,2.26,1.1148856647823848,-1.1558104127320297
AS-10090,Adam Shillingsburg,Consumer,3,Occasional Customers,3255.31,9.0,361.7,2.26,1.2520504231036835,-0.989557798732634
AC-10450,Amy Cox,Consumer,0,Medium Value Customers,5527.846,7.0,789.69,1.75,1.1432423186650857,0.7187143328827629
MD-17860,Michael Dominguez,Corporate,0,Medium Value Customers,1204.91,5.0,240.98,1.25,-1.0093879392646716,-0.23366408048827453
DB-13660,Duane Benoit,Consumer,0,Medium Value Customers,1155.202,7.0,165.03,1.75,-0.20062451020169947,-1.0048693300490938
EH-13990,Erica Hackney,Consumer,0,Medium Value Customers,825.9499999999999,6.0,137.66,1.5,-0.7247572155785619,-0.782152717518324
EH-13765,Edward Hooks,Corporate,1,Regular Customers,9940.380000000001,10.0,994.04,2.51,3.505322253397005,0.814537601479446
SC-20230,Scot Coram,Corporate,2,VIP Customers,4371.9580000000005,4.0,1092.99,1.0,-0.1778414784708024,1.967149526640068
JE-15715,Joe Elijah,Consumer,3,Occasional Customers,8697.842999999999,10.0,869.78,2.51,3.162849144188626,0.4088434756505519
AC-10615,Ann Chong,Corporate,0,Medium Value Customers,2537.6859999999997,5.0,507.54,1.25,-0.5434155842885217,0.41195875435455015
JD-16015,Joy Daniels,Consumer,0,Medium Value Customers,385.43,6.0,64.24,1.5,-0.8679065111357661,-0.9723581684989552
CB-12415,Christy Brittain,Consumer,0,Medium Value Customers,1949.2,8.0,243.65,2.01,0.46386026375741374,-1.0747186898130312
JS-16030,Joy Smith,Consumer,0,Medium Value Customers,2516.494,6.0,419.42,1.5,-0.17540406014924054,-0.0522141471734106
LW-17215,Luke Weiss,Consumer,0,Medium Value Customers,5420.514,7.0,774.36,1.75,1.110257694957363,0.676411652649302
SC-20800,Stuart Calhoun,Consumer,2,VIP Customers,279.25600000000003,4.0,69.81,1.0,-1.7601814468474093,-0.3385735849846862
AM-10705,Anne McFarland,Consumer,3,Occasional Customers,5664.022,8.0,708.0,2.01,1.5564651190478829,0.2848125689667801
RH-19510,Rick Huthwaite,Home Office,1,Regular Customers,6979.18,6.0,1163.2,1.5,1.2747685340519828,1.8746597917119912
CT-11995,Carol Triggs,Consumer,3,Occasional Customers,3241.898,8.0,405.24,2.01,0.8440718329419336,-0.6016179368176243
MC-17590,Matt Collister,Corporate,0,Medium Value Customers,2426.067,6.0,404.34,1.5,-0.20479532723369975,-0.09127219967350525
CC-12610,Corey Catlett,Corporate,0,Medium Value Customers,2540.631,7.0,362.95,1.75,0.22516836864306686,-0.4587646980107317
KA-16525,Kelly Andreada,Consumer,0,Medium Value Customers,1519.506,7.0,217.07,1.75,-0.08866344244515166,-0.8612750378176729
TC-20980,Tamara Chand,Corporate,1,Regular Customers,19052.218,5.0,3810.44,1.25,5.230435680737704,8.411817931994673
BF-11080,Bart Folk,Consumer,2,VIP Customers,272.95,3.0,90.98,0.75,-2.1832816823053696,0.015238109021297807
MM-17260,Magdelene Morse,Consumer,2,VIP Customers,1314.023,4.0,328.51,1.0,-1.3601096304937825,0.24439877756263564
AH-10120,Adrian Hane,Home Office,0,Medium Value Customers,1735.5140000000001,7.0,247.93,1.75,-0.022275215728353212,-0.7761272721150032
BW-11200,Ben Wallace,Consumer,0,Medium Value Customers,1738.406,6.0,289.73,1.5,-0.42825426984602943,-0.3881866523293055
SW-20245,Scot Wooten,Consumer,0,Medium Value Customers,1085.078,7.0,155.01,1.75,-0.22217780648767066,-1.0325141014219903
BS-11665,Brian Stugart,Consumer,2,VIP Customers,3288.1099999999997,3.0,1096.04,0.75,-0.8316027060330405,2.11069524017335
RF-19345,Randy Ferguson,Corporate,3,Occasional Customers,3309.15,8.0,413.64,2.01,0.8638472433684229,-0.5770155852037381
WB-21850,William Brown,Consumer,3,Occasional Customers,6129.71,10.0,612.97,2.51,2.4550219438977554,-0.4296381530181211
TB-21625,Trudy Brown,Consumer,3,Occasional Customers,2797.668,9.0,310.85,2.26,1.1221513728231196,-1.1470077384209336
AF-10870,Art Ferguson,Consumer,0,Medium Value Customers,2052.908,7.0,293.27,1.75,0.07526979407729174,-0.6510214960076907
RB-19435,Richard Bierner,Consumer,0,Medium Value Customers,1864.156,7.0,266.31,1.75,0.01726295929395287,-0.7254156884142158
KF-16285,Karen Ferguson,Home Office,1,Regular Customers,10604.266,7.0,1514.9,1.75,2.703412421862178,2.719725937313613
JH-15820,John Huston,Consumer,0,Medium Value Customers,528.91,6.0,88.15,1.5,-0.8212843957381342,-0.9104123788650565
IL-15100,Ivan Liston,Consumer,0,Medium Value Customers,5040.736,7.0,720.11,1.75,0.9935413382940071,0.526718791319761
PB-18805,Patrick Bzostek,Home Office,2,VIP Customers,740.356,3.0,246.79,0.75,-1.9737410914345197,0.34008402324959114
RH-19600,Rob Haberlin,Consumer,2,VIP Customers,2085.7400000000002,3.0,695.25,0.75,-1.3706163301240732,1.2750838190710352
AW-10930,Arthur Wiediger,Home Office,0,Medium Value Customers,2852.968,7.0,407.57,1.75,0.32116097929134424,-0.3356484322064195
ML-17410,Maris LaWare,Consumer,0,Medium Value Customers,2885.26,5.0,577.05,1.25,-0.42189936062465816,0.5803208602868969
DB-13555,Dorothy Badders,Corporate,0,Medium Value Customers,3908.8028,7.0,558.4,1.75,0.6456540272449389,0.08053016926505503
MH-17620,Matt Hagelstein,Corporate,2,VIP Customers,1252.8,4.0,313.2,1.0,-1.3837830540594227,0.209900707803565
DK-13375,Dennis Kane,Consumer,3,Occasional Customers,3318.486,8.0,414.81,2.01,0.8665953764157859,-0.5735940959878393
BT-11440,Bobby Trafton,Consumer,2,VIP Customers,603.876,4.0,150.97,1.0,-1.6346718781058551,-0.1556836885123654
DB-13405,Denny Blanton,Consumer,2,VIP Customers,1711.692,4.0,427.92,1.0,-1.2063666336819043,0.46842313134584446
TG-21310,Toby Gnade,Consumer,0,Medium Value Customers,3058.372,5.0,611.67,1.25,-0.3613772441452316,0.6641749338529314
BF-11005,Barry Franz,Home Office,2,VIP Customers,1333.88,4.0,333.47,1.0,-1.35243558370103,0.2555789550137426
JM-16195,Justin MacKendrick,Consumer,3,Occasional Customers,2833.9260000000004,10.0,283.39,2.51,1.5466357151391306,-1.505703138796042
MZ-17335,Maria Zettner,Home Office,2,VIP Customers,593.606,4.0,148.4,1.0,-1.6386443561953052,-0.16147347264103454
MW-18220,Mitch Webber,Consumer,0,Medium Value Customers,5341.900000000001,7.0,763.13,1.75,1.0860972333964138,0.6454248433155668
MV-17485,Mark Van Huff,Consumer,3,Occasional Customers,1560.05,9.0,173.34,2.26,0.770864700975319,-1.57279666036164
SM-20320,Sean Miller,Home Office,1,Regular Customers,25043.05,5.0,5008.61,1.25,7.324969470216144,11.313866066930952
TP-21415,Tom Prescott,Consumer,0,Medium Value Customers,5329.0048,5.0,1065.8,1.25,0.4324901727169859,1.7641065156580833
JK-15625,Jim Karlsson,Consumer,0,Medium Value Customers,3760.028,7.0,537.15,1.75,0.5999328498593729,0.02189238483692936
PJ-18835,Patrick Jones,Corporate,0,Medium Value Customers,1220.09,8.0,152.51,2.01,0.24941282962701788,-1.341557406538867
RS-19420,Ricardo Sperren,Corporate,0,Medium Value Customers,3221.29,5.0,644.26,1.25,-0.30441266970950387,0.7431047885756401
SV-20935,Susan Vittorini,Consumer,0,Medium Value Customers,1903.491,8.0,237.94,2.01,0.4504189728920644,-1.0914413611299718
BC-11125,Becky Castell,Home Office,3,Occasional Customers,2933.676,9.0,325.96,2.26,1.1607547860418579,-1.1002182936366485
EM-13825,Elizabeth Moffitt,Corporate,3,Occasional Customers,2339.598,8.0,292.45,2.01,0.578684670430522,-0.9318420065311419
BM-11575,Brendan Murry,Corporate,0,Medium Value Customers,808.162,6.0,134.69,1.5,-0.7305414667179065,-0.7898415505645531
KN-16705,Kristina Nunn,Home Office,0,Medium Value Customers,2003.01,7.0,286.14,1.75,0.05993309142731941,-0.6706927716004771
KW-16570,Kelly Williams,Consumer,2,VIP Customers,449.096,4.0,112.27,1.0,-1.6945172341479842,-0.24289038929923293
SC-20260,Scott Cohen,Corporate,3,Occasional Customers,3729.7929999999997,8.0,466.22,2.01,0.9875668749641285,-0.42307094555634683
CV-12295,Christina VanderZanden,Consumer,0,Medium Value Customers,2830.6279999999997,5.0,566.13,1.25,-0.4409952142444755,0.5538664653796841
SG-20605,Speros Goranitis,Consumer,0,Medium Value Customers,3118.892,5.0,623.78,1.25,-0.3402136355055986,0.6935011396985449
TM-21010,Tamara Manning,Consumer,0,Medium Value Customers,2819.026,7.0,402.72,1.75,0.3107285470712703,-0.34902934134766833
EM-13810,Eleni McCrary,Corporate,0,Medium Value Customers,2567.0099999999998,5.0,513.4,1.25,-0.5331667990465252,0.42615612829552696
ML-18040,Michelle Lonsdale,Corporate,2,VIP Customers,742.082,3.0,247.36,0.75,-1.9729712851301482,0.34127511970648294
CR-12580,Clay Rozendal,Home Office,2,VIP Customers,2148.852,4.0,537.21,1.0,-1.0373501050450658,0.714707079920107
AZ-10750,Annie Zypern,Consumer,0,Medium Value Customers,1622.0179999999998,6.0,270.34,1.5,-0.46606924362137,-0.43842742861985223
PW-19240,Pierre Wener,Consumer,0,Medium Value Customers,3922.4150000000004,7.0,560.34,1.75,0.6498341374065567,0.0858885006319048
SC-20380,Shahid Collister,Consumer,3,Occasional Customers,5992.536,9.0,665.84,2.26,2.0289951455360695,-0.047828332188359725
CM-11935,Carlos Meador,Consumer,2,VIP Customers,565.392,2.0,282.7,0.5,-2.419937841142236,0.6887404601929805
GM-14695,Greg Maxwell,Corporate,1,Regular Customers,6049.966,3.0,2016.66,0.75,0.40651800402693417,4.030105196099099
TB-21250,Tim Brockman,Consumer,0,Medium Value Customers,1602.376,7.0,228.91,1.75,-0.06319348032867324,-0.8286074592668028
JM-15865,John Murray,Consumer,1,Regular Customers,7625.076000000001,7.0,1089.3,1.75,1.7878000830963123,1.5454000128771428
SC-20575,Sonia Cooley,Consumer,2,VIP Customers,799.798,4.0,199.95,1.0,-1.5589241093962523,-0.045307399288739315
LS-17200,Luke Schmidt,Corporate,0,Medium Value Customers,1010.2560000000001,6.0,168.38,1.5,-0.6648642828557022,-0.7025703397637172
RR-19315,Ralph Ritter,Consumer,2,VIP Customers,615.932,2.0,307.97,0.5,-2.3910476602257176,0.737166156323647
DB-12910,Daniel Byrd,Home Office,3,Occasional Customers,2171.599,8.0,271.45,2.01,0.5292725563089326,-0.9933258016659746
TT-21220,Thomas Thornton,Consumer,0,Medium Value Customers,1427.0439999999999,8.0,178.38,2.01,0.3102828869758463,-1.265816030334869
LO-17170,Lori Olson,Corporate,0,Medium Value Customers,644.35,5.0,128.87,1.25,-1.2053709848462517,-0.5052039925752062
KD-16615,Ken Dana,Corporate,2,VIP Customers,907.158,4.0,226.79,1.0,-1.5174161614722634,0.015176278812946054
NB-18580,Nicole Brennan,Corporate,2,VIP Customers,273.87199999999996,2.0,136.94,0.5,-2.5865794228751877,0.40941598579622773
BD-11635,Brian Derr,Consumer,2,VIP Customers,582.646,3.0,194.22,0.75,-2.0444413240213244,0.2304802596643004
CM-12235,Chris McAfee,Consumer,0,Medium Value Customers,2305.712,5.0,461.14,1.25,-0.6245228189360517,0.2995791065561265
EN-13780,Edward Nazzal,Consumer,2,VIP Customers,2199.366,4.0,549.84,1.0,-1.0178190724916496,0.7431676502032507
KN-16450,Kean Nguyen,Corporate,0,Medium Value Customers,2171.962,5.0,434.39,1.25,-0.6712848610065142,0.23478874393603003
BO-11350,Bill Overfelt,Corporate,0,Medium Value Customers,2682.728,5.0,536.55,1.25,-0.4927044181489347,0.48222164570482595
AG-10300,Aleksandra Gannaway,Corporate,2,VIP Customers,367.548,4.0,91.89,1.0,-1.726040464348192,-0.2888212406589325
MC-17635,Matthew Clasen,Corporate,2,VIP Customers,795.154,4.0,198.79,1.0,-1.5607188510240226,-0.04792212228728985
TA-21385,Tom Ashbrook,Home Office,1,Regular Customers,14595.62,4.0,3648.9,1.0,3.7748670993883233,7.726871480426811
JF-15295,Jason Fortune-,Consumer,0,Medium Value Customers,955.124,5.0,191.02,1.25,-1.0967208781782238,-0.35466831912450103
TT-21265,Tim Taslimi,Corporate,2,VIP Customers,439.5,3.0,146.5,0.75,-2.108616076014891,0.1309906738314719
SB-20170,Sarah Bern,Consumer,2,VIP Customers,1348.02,3.0,449.34,0.75,-1.7013332448072056,0.7623850768021675
CL-12700,Craig Leslie,Home Office,2,VIP Customers,2335.586,4.0,583.9,1.0,-0.9651494570742339,0.8199181562661307
HG-15025,Hunter Glantz,Consumer,0,Medium Value Customers,3690.284,7.0,527.18,1.75,0.5784931695862507,-0.005609367733939758
NL-18310,Nancy Lomonaco,Home Office,2,VIP Customers,1418.0900000000001,4.0,354.52,1.0,-1.3198798304207104,0.3030166104067504
RR-19525,Rick Reed,Corporate,0,Medium Value Customers,3302.2619999999997,6.0,550.38,1.5,0.07993440577911712,0.28705859700001707
TC-21295,Toby Carlisle,Consumer,3,Occasional Customers,4266.812,8.0,533.35,2.01,1.1455173436354995,-0.22653074838370993
SV-20785,Stewart Visinsky,Consumer,3,Occasional Customers,3390.105,8.0,423.76,2.01,0.8876582655305336,-0.5473870132060175
BE-11410,Bobby Elias,Consumer,0,Medium Value Customers,2261.438,5.0,452.29,1.25,-0.6399984642076063,0.27813974441948286
SC-20680,Steve Carroll,Home Office,0,Medium Value Customers,1254.64,6.0,209.11,1.5,-0.585450907492188,-0.5970525308991582
DF-13135,David Flashing,Consumer,2,VIP Customers,2390.534,3.0,796.84,0.75,-1.2339853427593588,1.4868939586158796
FH-14350,Fred Harton,Consumer,2,VIP Customers,2271.284,4.0,567.82,1.0,-0.9900134808066807,0.7836850675999248
MS-17530,MaryBeth Skach,Consumer,2,VIP Customers,475.65599999999995,4.0,118.91,1.0,-1.6842485018746876,-0.22792721409076835
RH-19555,Ritsa Hightower,Consumer,2,VIP Customers,740.382,2.0,370.19,0.5,-2.319912005082521,0.8564019858947399
GA-14515,George Ashbrook,Consumer,0,Medium Value Customers,3797.2320000000004,5.0,759.45,1.25,-0.10304906298552537,1.0221016406960066
JP-16135,Julie Prescott,Home Office,3,Occasional Customers,1707.71,9.0,189.75,2.26,0.8127793974433297,-1.521990004048364
Dp-13240,Dean percer,Home Office,3,Occasional Customers,7198.7609999999995,11.0,654.43,2.76,3.138738310008646,-0.5053893593939461
MO-17950,Michael Oakman,Consumer,2,VIP Customers,154.288,2.0,77.14,0.5,-2.654943146684419,0.2948220614355024
DL-13330,Denise Leinenbach,Consumer,2,VIP Customers,585.02,4.0,146.26,1.0,-1.6419590993246365,-0.16630032482352422
MH-18025,Michelle Huthwaite,Consumer,0,Medium Value Customers,2984.948,5.0,596.99,1.25,-0.3870443924175637,0.6286149057695527
DR-12940,Daniel Raglin,Home Office,1,Regular Customers,8350.868,8.0,1043.86,2.01,2.3467259004328884,1.2681403636036843
DM-13015,Darrin Martin,Consumer,3,Occasional Customers,6345.103,7.0,906.44,1.75,1.3944137862399266,1.0408554295136554
CA-11965,Carol Adams,Corporate,0,Medium Value Customers,3789.7228,6.0,631.62,1.5,0.238334796258789,0.49752642976110956
AC-10660,Anna Chung,Consumer,0,Medium Value Customers,657.316,5.0,131.46,1.25,-1.20084014441923,-0.4989281349615876
DM-13345,Denise Monton,Corporate,3,Occasional Customers,4074.4719999999998,8.0,509.31,2.01,1.0889479745929078,-0.296918619385282
VF-21715,Vicky Freymann,Home Office,0,Medium Value Customers,847.944,5.0,169.59,1.25,-1.1341890037832008,-0.4065783286911504
CC-12370,Christopher Conant,Consumer,1,Regular Customers,12129.072000000002,5.0,2425.81,1.25,2.80994578395604,5.058148333614497
BF-11275,Beth Fritzler,Corporate,2,VIP Customers,791.9899999999999,3.0,264.0,0.75,-1.9505949358509074,0.37596601336137825
HG-14845,Harry Greene,Consumer,0,Medium Value Customers,785.628,5.0,157.13,1.25,-1.1559737266489314,-0.43676001355936156
BP-11155,Becky Pak,Consumer,0,Medium Value Customers,1697.8609999999999,6.0,282.98,1.5,-0.441424031087983,-0.405681119280554
EM-14140,Eugene Moren,Home Office,0,Medium Value Customers,4588.436000000001,6.0,764.74,1.5,0.4978816985419513,0.8423924808407952
MA-17995,Michelle Arnett,Home Office,0,Medium Value Customers,2453.284,6.0,408.88,1.5,-0.19594818288951388,-0.07951453045282937
AY-10555,Andy Yotov,Corporate,2,VIP Customers,497.014,4.0,124.25,1.0,-1.6759906174087655,-0.21589391335599065
GB-14575,Giulietta Baptist,Consumer,0,Medium Value Customers,4716.288,5.0,943.26,1.25,0.21827293001052497,1.4673032709835494
JB-16045,Julia Barnett,Home Office,0,Medium Value Customers,2518.115,5.0,503.62,1.25,-0.550262343160741,0.40246913020463565
MG-17875,Michael Grace,Home Office,0,Medium Value Customers,1242.8329999999999,5.0,248.57,1.25,-0.9961251997959613,-0.21528512363506908
SR-20425,Sharelle Roach,Home Office,0,Medium Value Customers,3233.481,5.0,646.7,1.25,-0.3001490867882704,0.7490131212599496
JB-16000,Joy Bell-,Consumer,0,Medium Value Customers,644.1188,7.0,92.02,1.75,-0.3576971998815503,-1.2063228213283137
DM-12955,Dario Medina,Corporate,0,Medium Value Customers,1322.034,7.0,188.86,1.75,-0.14935341558929832,-0.9391132083519156
TC-21475,Tony Chapman,Home Office,3,Occasional Customers,1244.976,9.0,138.33,2.26,0.681431895013832,-1.6811984784149743
SW-20350,Sean Wendt,Home Office,2,VIP Customers,1019.044,3.0,339.68,0.75,-1.8488117517362042,0.5337544268898755
RE-19450,Richard Eichhorn,Consumer,2,VIP Customers,666.52,4.0,166.63,1.0,-1.6104529470258555,-0.12039335700135444
BF-11215,Benjamin Farhat,Home Office,2,VIP Customers,1585.162,4.0,396.29,1.0,-1.2552843127832303,0.39714354918995165
KB-16405,Katrina Bavinger,Home Office,2,VIP Customers,908.821,3.0,302.94,0.75,-1.8982231716030085,0.4571542963823819
JG-15310,Jason Gross,Corporate,0,Medium Value Customers,2240.58,6.0,373.43,1.5,-0.2650669752982195,-0.17135371249666176
EC-14050,Erin Creighton,Consumer,0,Medium Value Customers,461.914,5.0,92.38,1.25,-1.2691568319209579,-0.5935829532864719
EB-14110,Eugene Barchas,Consumer,0,Medium Value Customers,3071.126,6.0,511.85,1.5,0.004820117639209133,0.18724830778807186
JP-15460,Jennifer Patt,Corporate,0,Medium Value Customers,1669.135,7.0,238.45,1.75,-0.0426738399009267,-0.8022879604264466
CS-11845,Cari Sayre,Corporate,0,Medium Value Customers,1278.954,5.0,255.79,1.25,-0.9834995847453847,-0.1977942407345628
GH-14410,Gary Hansen,Home Office,3,Occasional Customers,2819.4669999999996,9.0,313.27,2.26,1.128337300023387,-1.1395112784264643
PT-19090,Pete Takahito,Consumer,2,VIP Customers,158.46,3.0,52.82,0.75,-2.234604240152838,-0.06432377495433833
JL-15130,Jack Lebron,Consumer,0,Medium Value Customers,1214.956,6.0,202.49,1.5,-0.5983508725737764,-0.6141965585474648
AH-10030,Aaron Hawkins,Corporate,0,Medium Value Customers,1744.7,7.0,249.24,1.75,-0.019453721973147056,-0.7725099856309685
CC-12475,Cindy Chapman,Consumer,3,Occasional Customers,1659.438,9.0,184.38,2.26,0.7990729681445088,-1.538607825623712
DW-13195,David Wiener,Corporate,0,Medium Value Customers,1080.751,6.0,180.13,1.5,-0.6419559444075027,-0.6721310566865049
SJ-20215,Sarah Jordon,Consumer,0,Medium Value Customers,1341.036,6.0,223.51,1.5,-0.5573755786324841,-0.5597478593420037
BG-11740,Bruce Geld,Consumer,0,Medium Value Customers,1006.356,6.0,167.73,1.5,-0.666131608408851,-0.7042542616261172
LB-16795,Laurel Beltran,Home Office,3,Occasional Customers,4985.676,8.0,623.21,2.01,1.356951769765815,0.036559362887023716
CM-11815,Candace McMahon,Corporate,0,Medium Value Customers,1673.888,6.0,278.98,1.5,-0.44921751388565334,-0.4160391637133745
EH-14185,Evan Henry,Consumer,0,Medium Value Customers,923.884,6.0,153.98,1.5,-0.6929347728858549,-0.7398709654155498
TS-21505,Tony Sayre,Consumer,0,Medium Value Customers,2243.274,6.0,373.88,1.5,-0.26419080577650433,-0.17018893191440765
PR-18880,Patrick Ryan,Consumer,0,Medium Value Customers,1840.178,5.0,368.04,1.25,-0.787279061487015,0.07407869224267792
LC-17050,Liz Carlisle,Consumer,0,Medium Value Customers,2095.064,5.0,419.01,1.25,-0.6981704468190815,0.19753765017528965
CS-12490,Cindy Schnelling,Corporate,2,VIP Customers,970.1105,4.0,242.53,1.0,-1.493075829332147,0.05064495088036949
DH-13075,Dave Hallsten,Corporate,0,Medium Value Customers,3487.1980000000003,5.0,697.44,1.25,-0.2114463690165181,0.8719118001691302
JO-15145,Jack O'Briant,Corporate,3,Occasional Customers,3254.949,9.0,361.66,2.26,1.2519480380732202,-0.9896818227993958
AH-10690,Anna Häberlin,Corporate,3,Occasional Customers,7888.294,12.0,657.36,3.01,3.7174239210432534,-0.705965001794128
HJ-14875,Heather Jas,Home Office,0,Medium Value Customers,358.1,5.0,71.62,1.25,-1.305450495445653,-0.643867478930366
MH-17455,Mark Hamilton,Consumer,0,Medium Value Customers,2146.694,7.0,306.67,1.75,0.10409505497056637,-0.6140501954586803
RD-19930,Russell D'Ascenzo,Consumer,2,VIP Customers,970.9420000000001,4.0,242.74,1.0,-1.4927527789611785,0.051116750906438045
SC-20020,Sam Craven,Consumer,0,Medium Value Customers,3362.9636,5.0,672.59,1.25,-0.25488384977547796,0.8117259996857428
SU-20665,Stephanie Ulpright,Home Office,0,Medium Value Customers,2595.364,7.0,370.77,1.75,0.24199051055008536,-0.43718871191983083
FC-14335,Fred Chung,Corporate,0,Medium Value Customers,3889.366,7.0,555.62,1.75,0.6396779531195828,0.07286342533402716
RB-19330,Randy Bradley,Consumer,2,VIP Customers,1008.1959999999999,2.0,504.1,0.5,-2.166819264392958,1.1130169209501681
NC-18535,Nick Crebassa,Corporate,1,Regular Customers,8241.739,7.0,1177.39,1.75,1.9773191155449608,1.788466006413295
DB-12970,Darren Budd,Corporate,2,VIP Customers,2469.6672,4.0,617.42,1.0,-0.913310675102499,0.8954553514812365
MF-17665,Maureen Fritzler,Corporate,0,Medium Value Customers,937.039,5.0,187.41,1.25,-1.1030386253420124,-0.3634178907697704
RM-19750,Roland Murray,Consumer,2,VIP Customers,98.35,1.0,98.35,0.25,-3.0880204806850604,0.6403299901430092
VM-21835,Vivian Mathis,Consumer,0,Medium Value Customers,380.69,5.0,76.14,1.25,-1.297551037600016,-0.6329214099936769
EJ-13720,Ed Jacobs,Consumer,2,VIP Customers,2162.174,4.0,540.54,1.0,-1.0321998707143785,0.7222115395855384
NC-18415,Nathan Cano,Consumer,0,Medium Value Customers,2218.9900000000002,6.0,369.83,1.5,-0.27208399295206376,-0.18067836317145466
LS-17230,Lycoris Saunders,Consumer,2,VIP Customers,368.88000000000005,3.0,122.96,0.75,-2.1402745024005365,0.08191187233256098
KE-16420,Katrina Edelman,Corporate,0,Medium Value Customers,1453.2812000000001,7.0,207.61,1.75,-0.10901617665320994,-0.8873781477336505
DH-13675,Duane Huffman,Home Office,2,VIP Customers,1043.096,4.0,260.77,1.0,-1.4648626042406685,0.09175291167320711
PF-19120,Peter Fuller,Consumer,1,Regular Customers,9062.864,4.0,2265.72,1.0,1.6357777469002177,4.609882778309166
VT-21700,Valerie Takahito,Home Office,2,VIP Customers,1736.596,2.0,868.3,0.5,-1.75044396206625,1.8109448406489697
MG-17695,Maureen Gnade,Consumer,2,VIP Customers,1342.282,3.0,447.43,0.75,-1.7039035745896665,0.758401548436265
SP-20920,Susan Pistek,Consumer,0,Medium Value Customers,3990.689,6.0,665.11,1.5,0.3036365906091809,0.5842916821899741
CS-12175,Charles Sheldon,Corporate,0,Medium Value Customers,844.4580000000001,5.0,168.89,1.25,-1.1354098607382115,-0.4082714173211731
DK-12895,Dana Kaydos,Consumer,0,Medium Value Customers,4282.176,5.0,856.44,1.25,0.06649927722911168,1.2570171626971773
KM-16660,Khloe Miller,Consumer,0,Medium Value Customers,453.538,5.0,90.71,1.25,-1.2720814239024798,-0.5976321926337694
AA-10645,Anna Andreadi,Consumer,0,Medium Value Customers,5086.9349999999995,6.0,847.82,1.5,0.6598692322906279,1.0576268043540897
DD-13570,Dorothy Dickinson,Consumer,0,Medium Value Customers,269.542,6.0,44.92,1.5,-0.905568874265853,-1.022404113007093
AH-10465,Amy Hunt,Consumer,0,Medium Value Customers,2495.3916,5.0,499.08,1.25,-0.5582034973186151,0.3914689893237602
TP-21565,Tracy Poddar,Corporate,2,VIP Customers,1936.6399999999999,4.0,484.16,1.0,-1.1193941279385156,0.5951573996166853
EK-13795,Eileen Kiefer,Home Office,2,VIP Customers,1303.478,4.0,325.87,1.0,-1.3641893552014428,0.23845209201395193
CR-12820,Cyra Reiten,Home Office,2,VIP Customers,1397.8724,3.0,465.96,0.75,-1.6789829059677401,0.7970350139892954
SG-20890,Susan Gilcrest,Corporate,2,VIP Customers,47.946,3.0,15.98,0.75,-2.2841483332511934,-0.141130879332718
AH-10585,Angele Hood,Consumer,2,VIP Customers,738.504,4.0,184.63,1.0,-1.5826192480749726,-0.07983322991127338
NF-18475,Neil Französisch,Home Office,2,VIP Customers,377.16200000000003,4.0,94.29,1.0,-1.7223260517193204,-0.28341050396612183
BS-11365,Bill Shonely,Corporate,1,Regular Customers,10501.653,5.0,2100.33,1.25,2.2409658988947014,4.269809907219612
SH-20635,Stefanie Holloman,Corporate,2,VIP Customers,2096.392,2.0,1048.2,0.5,-1.5447722894368674,2.1556921969569363
RD-19720,Roger Demir,Consumer,3,Occasional Customers,1419.737,10.0,141.97,2.51,1.1568556746803653,-1.9674328571415851
AG-10330,Alex Grayson,Consumer,0,Medium Value Customers,660.972,5.0,132.19,1.25,-1.1995628116945922,-0.49715901265487694
GR-14560,Georgia Rosenberg,Corporate,2,VIP Customers,1284.38,2.0,642.19,0.5,-2.008945680605893,1.377643807324854
VS-21820,Vivek Sundaresam,Consumer,2,VIP Customers,1055.981,4.0,264.0,1.0,-1.4598744793546352,0.09902578487704335
TM-21490,Tony Molinari,Consumer,2,VIP Customers,1094.6779999999999,3.0,364.89,0.75,-1.814906572742007,0.5863157038322185
TS-21430,Tom Stivers,Corporate,0,Medium Value Customers,2054.14,5.0,410.83,1.25,-0.7124748558967219,0.17772107469118667
DB-13360,Dennis Bolton,Home Office,0,Medium Value Customers,1081.466,5.0,216.29,1.25,-1.0525476573598904,-0.29346396819288545
NR-18550,Nick Radford,Consumer,0,Medium Value Customers,2367.277,5.0,473.46,1.25,-0.6029931145042339,0.3294131041272361
CS-11860,Cari Schnelling,Consumer,0,Medium Value Customers,537.632,6.0,89.61,1.5,-0.8184454490527229,-0.906636437313964
MF-18250,Monica Federle,Corporate,0,Medium Value Customers,1758.3,5.0,351.66,1.25,-0.8159087286638831,0.03440890043904812
LW-17125,Liz Willingham,Consumer,2,VIP Customers,1259.04,3.0,419.68,0.75,-1.7412223241019484,0.7005466208778813
AR-10345,Alex Russell,Corporate,2,VIP Customers,1055.694,4.0,263.92,1.0,-1.4599915456299455,0.09885106877748208
KS-16300,Karen Seio,Corporate,2,VIP Customers,88.472,3.0,29.49,0.75,-2.26597983893816,-0.11296440801517021
AB-10015,Aaron Bergman,Consumer,2,VIP Customers,886.156,3.0,295.39,0.75,-1.9083800242152174,0.4414106907452185
LR-17035,Lisa Ryan,Corporate,0,Medium Value Customers,1879.306,5.0,375.86,1.25,-0.7736031668777964,0.09302399697729774
SS-20410,Shahid Shariari,Consumer,0,Medium Value Customers,3056.8070000000002,6.0,509.47,1.5,0.00017189328504363843,0.18107598852652032
JM-15580,Jill Matthias,Consumer,0,Medium Value Customers,303.948,5.0,60.79,1.25,-1.3243829702935277,-0.6700988301891669
JK-15325,Jason Klamczynski,Corporate,2,VIP Customers,383.812,3.0,127.94,0.75,-2.1335786232706315,0.09229337974947477
DM-13525,Don Miller,Corporate,2,VIP Customers,1376.792,3.0,458.93,0.75,-1.6884354622579711,0.7823797090490733
ML-18265,Muhammed Lee,Consumer,2,VIP Customers,162.232,2.0,81.12,0.5,-2.6503961976579355,0.30244636339758113
MH-17290,Marc Harrigan,Home Office,0,Medium Value Customers,1691.505,5.0,338.3,1.25,-0.8392625199037906,0.0020508930704018205
FC-14245,Frank Carlisle,Home Office,0,Medium Value Customers,3418.742,7.0,488.39,1.75,0.49503990236059503,-0.11264186061337574
TH-21115,Thea Hudgings,Corporate,2,VIP Customers,2942.772,4.0,735.69,1.0,-0.7304016138396513,1.161979823199635
JK-16090,Juliana Krohn,Consumer,2,VIP Customers,3747.668,3.0,1249.22,0.75,-0.6255906761567054,2.4300649191904116
SB-20185,Sarah Brown,Consumer,1,Regular Customers,6410.996,6.0,1068.5,1.5,1.0901321755026754,1.6293280268756165
BG-11035,Barry Gonzalez,Consumer,3,Occasional Customers,2798.948,8.0,349.87,2.01,0.7137900432877979,-0.76372896868357
BW-11065,Barry Weirich,Consumer,2,VIP Customers,385.516,3.0,128.51,0.75,-2.132813252560015,0.09348076745982137
MG-18205,Mitch Gastineau,Corporate,2,VIP Customers,16.739,1.0,16.74,0.25,-3.164868096563752,0.49769577456118713
DO-13645,Doug O'Connell,Consumer,0,Medium Value Customers,1267.316,7.0,181.05,1.75,-0.1661651329855231,-0.9606708740251044
BP-11050,Barry Pond,Corporate,0,Medium Value Customers,983.42,5.0,196.68,1.25,-1.0868273609818224,-0.3409600793325315
TS-21655,Trudy Schmidt,Consumer,0,Medium Value Customers,3368.094,5.0,673.62,1.25,-0.25308724435235,0.8142174272493072
EM-14200,Evan Minnotte,Home Office,2,VIP Customers,366.822,3.0,122.27,0.75,-2.1412000487549236,0.08047530679608655
AO-10810,Anthony O'Donnell,Corporate,2,VIP Customers,161.28,1.0,161.28,0.25,-3.0287629414198753,0.7503160283474345
MH-17440,Mark Haberlin,Corporate,2,VIP Customers,400.016,4.0,100.0,1.0,-1.7134927379120433,-0.27054071457150125
SS-20515,Shirley Schmidt,Home Office,2,VIP Customers,613.4,3.0,204.47,0.75,-2.030655518804921,0.2518512702335038
LD-16855,Lela Donovan,Corporate,2,VIP Customers,5.304,1.0,5.3,0.25,-3.1756394744458767,0.4777023336974647
VP-21760,Victoria Pisteka,Corporate,0,Medium Value Customers,3360.526,7.0,480.08,1.75,0.4771529134410674,-0.13557880333153594
TC-21145,Theresa Coyne,Corporate,2,VIP Customers,1038.26,1.0,1038.26,0.25,-2.2029616259140457,2.283059644818384
IM-15055,Ionia McGrath,Consumer,2,VIP Customers,48.4,2.0,24.2,0.5,-2.71546894552869,0.19337012502210138
AR-10570,Anemone Ratner,Consumer,2,VIP Customers,88.15,1.0,88.15,0.25,-3.0976252304149963,0.6225029189578013
CM-12715,Craig Molinari,Corporate,2,VIP Customers,3984.4524,4.0,996.11,1.0,-0.32766309063045057,1.7488338195151805
FW-14395,Fred Wasserman,Corporate,2,VIP Customers,79.75,3.0,26.58,0.75,-2.2698918207605767,-0.11903014996467759
LC-16960,Lindsay Castell,Home Office,2,VIP Customers,3246.626,4.0,811.66,1.0,-0.6129195681335589,1.3331730938384065
HE-14800,Harold Engle,Corporate,2,VIP Customers,755.462,3.0,251.82,0.75,-1.966973129578747,0.3505738221145179
BD-11560,Brendan Dodson,Home Office,2,VIP Customers,320.54,2.0,160.27,0.5,-2.5599055534704935,0.4541253475191248
HD-14785,Harold Dahlen,Home Office,2,VIP Customers,251.36,3.0,83.79,0.75,-2.192955386953592,0.00024422839456734606
CJ-11875,Carl Jackson,Corporate,2,VIP Customers,16.52,1.0,16.52,0.25,-3.165075056214539,0.49731143768363956
RS-19870,Roy Skaria,Home Office,2,VIP Customers,22.328,2.0,11.16,0.5,-2.730375443355249,0.16838251134838855
SC-20845,Sung Chung,Consumer,2,VIP Customers,14.112,1.0,14.11,0.25,-3.167344010512973,0.49309969233689194
RE-19405,Ricardo Emerson,Consumer,2,VIP Customers,48.36,1.0,48.36,0.25,-3.1350931707830516,0.5529598638147203
SM-20905,Susan MacKendrick,Consumer,2,VIP Customers,1043.041,1.0,1043.04,0.25,-2.198460374912903,2.2914140683257425
JD-31277,New Customer,Consumer,2,VIP Customers,100.0,1.0,100.0,0.25,-3.086466771169923,0.6432137810700281
JD-74233,New Customer,Consumer,2,VIP Customers,,,,,-3.618126130202159,0.7898822431844081
